,arsC_thioredoxin,codh_catalytic_TIGR01702,codhC_TIGR00316,codhD_TIGR00381,coxA_TIGR02891,coxB_TIGR02866,dsrA_TIGR02064,dsrB_TIGR02066,dsrD_PF08679,folD,hgcA,metF,nifA_Mo_TIGR01282,nifB_Mo_TIGR01286,nifH_TIGR01287,nirB_TIGR02374,nirD_TIGR02378,nirK_TIGR02376,sat_TIGR00339,sfh_TIGR02821,sgdh_TIGR02818,soxB_TIGR04486,soxC_TIGR04555,soxY_TIGR04488,sulfide_quinone_oxidoreductase_sqr,sulfur_dioxygenase_sdo,thiosulfate_reductase_phsA
2744054411,1.0,1.0,1.0,1.0,0.0,0.0,0.0,0.0,0.0,1.0,1,1.0,0.0,0.0,0.0,0.0,0.0,0.0,0.0,0.0,0.0,0.0,0.0,0.0,0.0,0.0,0.0
2757320495,1.0,0.0,0.0,0.0,0.0,0.0,0.0,0.0,0.0,0.0,1,1.0,0.0,0.0,0.0,0.0,0.0,0.0,0.0,0.0,0.0,0.0,0.0,0.0,0.0,0.0,0.0
2757320496,1.0,0.0,0.0,0.0,0.0,0.0,0.0,0.0,0.0,1.0,1,1.0,0.0,0.0,0.0,0.0,0.0,0.0,0.0,0.0,0.0,0.0,0.0,0.0,0.0,0.0,0.0
2757320497,2.0,0.0,0.0,0.0,0.0,0.0,0.0,0.0,0.0,1.0,1,1.0,0.0,0.0,0.0,0.0,0.0,0.0,0.0,0.0,0.0,0.0,0.0,0.0,0.0,0.0,0.0
2757320499,0.0,0.0,0.0,0.0,0.0,0.0,0.0,0.0,0.0,0.0,1,1.0,0.0,0.0,0.0,0.0,0.0,0.0,0.0,0.0,0.0,0.0,0.0,0.0,0.0,1.0,0.0
2757320501,0.0,1.0,1.0,1.0,0.0,0.0,0.0,0.0,0.0,0.0,1,1.0,0.0,0.0,0.0,0.0,0.0,0.0,0.0,0.0,0.0,0.0,0.0,0.0,0.0,1.0,0.0
2757320503,1.0,2.0,1.0,1.0,0.0,0.0,1.0,1.0,1.0,1.0,1,8.0,1.0,0.0,0.0,0.0,0.0,0.0,1.0,0.0,0.0,0.0,0.0,0.0,0.0,3.0,1.0
2757320506,1.0,1.0,1.0,1.0,0.0,0.0,0.0,0.0,0.0,1.0,1,5.0,0.0,0.0,0.0,0.0,0.0,0.0,1.0,0.0,0.0,0.0,0.0,0.0,0.0,2.0,2.0
2757320509,2.0,1.0,1.0,1.0,0.0,0.0,0.0,0.0,0.0,1.0,1,0.0,0.0,0.0,1.0,0.0,0.0,0.0,0.0,0.0,0.0,0.0,0.0,0.0,0.0,0.0,0.0
GCA_000007985.2,1.0,1.0,0.0,0.0,1.0,1.0,0.0,0.0,0.0,1.0,1,2.0,1.0,1.0,1.0,0.0,0.0,0.0,0.0,0.0,0.0,0.0,0.0,0.0,0.0,2.0,0.0
GCA_000011005.1,0.0,0.0,0.0,0.0,0.0,0.0,0.0,0.0,0.0,0.0,1,0.0,0.0,0.0,2.0,0.0,0.0,0.0,1.0,0.0,0.0,0.0,0.0,0.0,0.0,0.0,0.0
GCA_000012925.1,1.0,1.0,0.0,0.0,1.0,1.0,0.0,0.0,0.0,2.0,1,2.0,1.0,1.0,1.0,0.0,0.0,0.0,0.0,0.0,0.0,0.0,0.0,0.0,0.0,1.0,0.0
GCA_000013405.1,1.0,0.0,0.0,0.0,0.0,0.0,0.0,0.0,0.0,1.0,1,2.0,0.0,0.0,0.0,0.0,0.0,0.0,0.0,0.0,0.0,0.0,0.0,0.0,0.0,1.0,0.0
GCA_000013445.1,1.0,1.0,1.0,1.0,0.0,0.0,0.0,0.0,0.0,1.0,1,0.0,0.0,0.0,2.0,0.0,0.0,0.0,0.0,0.0,0.0,0.0,0.0,0.0,0.0,1.0,0.0
GCA_000016745.1,0.0,1.0,0.0,0.0,1.0,1.0,0.0,0.0,0.0,1.0,1,2.0,1.0,1.0,1.0,0.0,0.0,0.0,0.0,0.0,0.0,0.0,0.0,0.0,0.0,1.0,0.0
GCA_000017625.1,1.0,1.0,2.0,2.0,0.0,0.0,0.0,0.0,0.0,1.0,1,0.0,1.0,1.0,3.0,0.0,0.0,0.0,0.0,0.0,0.0,0.0,0.0,0.0,0.0,0.0,0.0
GCA_000020725.1,1.0,2.0,0.0,0.0,1.0,1.0,0.0,0.0,0.0,1.0,1,2.0,1.0,1.0,1.0,0.0,0.0,0.0,0.0,0.0,0.0,0.0,0.0,0.0,0.0,1.0,0.0
GCA_000021965.1,1.0,1.0,1.0,0.0,0.0,0.0,0.0,0.0,0.0,1.0,1,0.0,1.0,1.0,3.0,0.0,0.0,0.0,0.0,0.0,0.0,0.0,0.0,0.0,0.0,0.0,0.0
GCA_000022265.1,0.0,2.0,0.0,0.0,0.0,0.0,0.0,0.0,0.0,1.0,1,2.0,1.0,1.0,2.0,0.0,0.0,0.0,0.0,0.0,0.0,0.0,0.0,0.0,0.0,1.0,0.0
GCA_000023225.1,1.0,1.0,0.0,0.0,1.0,1.0,1.0,1.0,1.0,1.0,1,2.0,1.0,1.0,1.0,0.0,0.0,0.0,1.0,0.0,0.0,0.0,0.0,0.0,0.0,0.0,2.0
GCA_000023645.1,1.0,0.0,0.0,0.0,1.0,1.0,0.0,0.0,0.0,1.0,1,2.0,1.0,1.0,1.0,0.0,0.0,0.0,0.0,0.0,0.0,0.0,0.0,0.0,0.0,1.0,0.0
GCA_000063445.1,0.0,0.0,1.0,1.0,0.0,0.0,0.0,0.0,0.0,0.0,1,0.0,1.0,1.0,2.0,0.0,0.0,0.0,1.0,0.0,0.0,0.0,0.0,0.0,0.0,0.0,0.0
GCA_000174415.1,0.0,2.0,1.0,1.0,0.0,0.0,0.0,0.0,0.0,1.0,1,1.0,1.0,1.0,1.0,0.0,0.0,0.0,0.0,0.0,0.0,0.0,0.0,0.0,0.0,1.0,0.0
GCA_000174435.1,1.0,2.0,1.0,1.0,0.0,0.0,1.0,1.0,1.0,1.0,1,1.0,1.0,1.0,1.0,0.0,0.0,0.0,2.0,0.0,0.0,0.0,0.0,0.0,0.0,2.0,2.0
GCA_000175115.2,1.0,0.0,0.0,0.0,1.0,1.0,0.0,0.0,0.0,1.0,1,2.0,1.0,1.0,1.0,0.0,0.0,0.0,0.0,0.0,0.0,0.0,0.0,0.0,0.0,1.0,0.0
GCA_000176915.2,1.0,1.0,0.0,0.0,0.0,0.0,1.0,1.0,1.0,1.0,1,2.0,1.0,1.0,1.0,0.0,0.0,0.0,1.0,0.0,0.0,0.0,0.0,0.0,0.0,1.0,2.0
GCA_000178115.2,0.0,0.0,0.0,0.0,0.0,0.0,0.0,0.0,0.0,1.0,1,1.0,1.0,1.0,2.0,0.0,0.0,0.0,0.0,0.0,0.0,0.0,0.0,0.0,0.0,0.0,0.0
GCA_000179315.1,0.0,2.0,1.0,0.0,0.0,0.0,1.0,1.0,1.0,0.0,1,4.0,1.0,1.0,1.0,0.0,0.0,0.0,2.0,0.0,0.0,0.0,0.0,0.0,0.0,2.0,2.0
GCA_000179595.2,0.0,1.0,0.0,0.0,0.0,0.0,0.0,0.0,0.0,1.0,1,3.0,1.0,1.0,1.0,0.0,0.0,0.0,0.0,0.0,0.0,0.0,0.0,0.0,0.0,1.0,0.0
GCA_000186885.1,1.0,0.0,0.0,0.0,0.0,0.0,1.0,1.0,1.0,1.0,1,1.0,1.0,1.0,1.0,0.0,0.0,0.0,2.0,0.0,0.0,0.0,0.0,0.0,0.0,1.0,2.0
GCA_000189295.2,1.0,1.0,0.0,0.0,1.0,1.0,1.0,1.0,1.0,1.0,1,2.0,1.0,1.0,1.0,0.0,0.0,0.0,2.0,0.0,0.0,0.0,0.0,0.0,0.0,1.0,2.0
GCA_000190635.1,0.0,1.0,0.0,0.0,0.0,0.0,0.0,0.0,0.0,1.0,1,2.0,1.0,1.0,3.0,0.0,0.0,0.0,0.0,0.0,0.0,0.0,0.0,0.0,0.0,1.0,0.0
GCA_000210155.1,1.0,1.0,0.0,0.0,1.0,1.0,0.0,0.0,0.0,1.0,1,2.0,1.0,1.0,1.0,0.0,0.0,0.0,0.0,0.0,0.0,0.0,0.0,0.0,0.0,2.0,0.0
GCA_000212675.2,1.0,1.0,0.0,0.0,0.0,0.0,1.0,1.0,1.0,1.0,1,1.0,1.0,1.0,1.0,0.0,0.0,0.0,2.0,0.0,0.0,0.0,0.0,0.0,0.0,0.0,2.0
GCA_000219125.2,0.0,2.0,1.0,1.0,0.0,0.0,1.0,1.0,0.0,1.0,1,1.0,0.0,0.0,2.0,0.0,0.0,0.0,0.0,0.0,0.0,0.0,0.0,0.0,0.0,1.0,0.0
GCA_000224515.2,0.0,3.0,1.0,1.0,0.0,0.0,1.0,1.0,0.0,0.0,1,2.0,1.0,1.0,2.0,0.0,0.0,0.0,1.0,0.0,0.0,0.0,0.0,0.0,0.0,1.0,1.0
GCA_000231405.3,1.0,2.0,1.0,1.0,0.0,0.0,0.0,0.0,0.0,1.0,1,2.0,0.0,0.0,0.0,0.0,0.0,0.0,0.0,0.0,0.0,0.0,0.0,0.0,0.0,1.0,1.0
GCA_000235605.1,0.0,4.0,1.0,1.0,0.0,0.0,1.0,1.0,0.0,1.0,1,2.0,1.0,1.0,1.0,0.0,0.0,0.0,1.0,0.0,0.0,0.0,0.0,0.0,0.0,1.0,1.0
GCA_000243135.3,1.0,3.0,1.0,1.0,0.0,0.0,1.0,1.0,0.0,0.0,1,1.0,0.0,0.0,0.0,0.0,0.0,0.0,0.0,0.0,0.0,0.0,0.0,0.0,1.0,1.0,1.0
GCA_000243155.3,0.0,3.0,1.0,1.0,0.0,0.0,1.0,1.0,0.0,1.0,1,1.0,0.0,0.0,1.0,0.0,0.0,0.0,0.0,0.0,0.0,0.0,0.0,0.0,1.0,1.0,0.0
GCA_000243475.2,1.0,1.0,0.0,0.0,1.0,1.0,0.0,0.0,0.0,2.0,1,2.0,1.0,1.0,1.0,0.0,0.0,0.0,0.0,0.0,0.0,0.0,0.0,0.0,0.0,1.0,0.0
GCA_000244895.1,0.0,4.0,1.0,1.0,0.0,0.0,1.0,1.0,0.0,1.0,1,1.0,1.0,1.0,2.0,0.0,0.0,0.0,1.0,0.0,0.0,0.0,0.0,0.0,0.0,1.0,0.0
GCA_000255115.3,0.0,3.0,1.0,1.0,0.0,0.0,1.0,1.0,0.0,1.0,1,2.0,1.0,1.0,1.0,0.0,0.0,0.0,1.0,0.0,0.0,0.0,0.0,0.0,0.0,1.0,1.0
GCA_000266945.1,1.0,1.0,1.0,0.0,0.0,0.0,1.0,1.0,1.0,1.0,1,3.0,1.0,1.0,1.0,0.0,0.0,0.0,1.0,0.0,0.0,0.0,0.0,0.0,0.0,1.0,2.0
GCA_000275865.1,1.0,2.0,0.0,0.0,0.0,0.0,0.0,0.0,0.0,1.0,1,0.0,1.0,0.0,2.0,0.0,0.0,0.0,0.0,0.0,0.0,0.0,0.0,0.0,0.0,1.0,0.0
GCA_000300195.1,0.0,1.0,0.0,0.0,0.0,0.0,0.0,0.0,0.0,0.0,1,0.0,0.0,0.0,0.0,0.0,0.0,0.0,0.0,0.0,0.0,0.0,0.0,0.0,0.0,1.0,0.0
GCA_000305775.1,0.0,1.0,1.0,0.0,0.0,0.0,0.0,0.0,0.0,0.0,1,3.0,1.0,1.0,1.0,0.0,0.0,0.0,0.0,0.0,0.0,0.0,0.0,0.0,0.0,1.0,0.0
GCA_000305815.1,0.0,1.0,1.0,0.0,0.0,0.0,0.0,0.0,0.0,0.0,1,3.0,1.0,1.0,1.0,0.0,0.0,0.0,0.0,0.0,0.0,0.0,0.0,0.0,0.0,1.0,0.0
GCA_000306725.1,1.0,1.0,1.0,1.0,0.0,0.0,0.0,0.0,0.0,1.0,1,1.0,1.0,1.0,2.0,0.0,0.0,0.0,0.0,0.0,0.0,0.0,0.0,0.0,0.0,0.0,0.0
GCA_000308215.1,0.0,0.0,0.0,1.0,0.0,0.0,0.0,0.0,0.0,1.0,1,1.0,1.0,1.0,7.0,0.0,0.0,0.0,0.0,0.0,0.0,0.0,0.0,0.0,0.0,0.0,0.0
GCA_000327485.1,1.0,0.0,2.0,2.0,0.0,0.0,0.0,0.0,0.0,1.0,1,0.0,0.0,0.0,1.0,0.0,0.0,0.0,0.0,0.0,0.0,0.0,0.0,0.0,0.0,0.0,0.0
GCA_000328665.1,0.0,1.0,1.0,1.0,0.0,0.0,0.0,0.0,0.0,1.0,1,1.0,0.0,0.0,1.0,0.0,0.0,0.0,0.0,0.0,0.0,0.0,0.0,0.0,0.0,1.0,0.0
GCA_000341655.1,0.0,0.0,1.0,1.0,0.0,0.0,0.0,0.0,0.0,1.0,1,0.0,0.0,0.0,0.0,0.0,0.0,0.0,0.0,0.0,0.0,0.0,0.0,0.0,0.0,0.0,0.0
GCA_000344315.1,1.0,1.0,0.0,0.0,0.0,0.0,1.0,1.0,1.0,1.0,1,1.0,1.0,1.0,1.0,0.0,0.0,0.0,2.0,0.0,0.0,0.0,0.0,0.0,0.0,1.0,2.0
GCA_000350485.1,0.0,2.0,0.0,0.0,0.0,0.0,0.0,0.0,0.0,1.0,1,2.0,1.0,0.0,3.0,0.0,0.0,0.0,0.0,0.0,0.0,0.0,0.0,0.0,0.0,1.0,0.0
GCA_000350545.1,1.0,4.0,1.0,1.0,1.0,1.0,1.0,1.0,1.0,1.0,1,8.0,0.0,0.0,0.0,0.0,0.0,0.0,2.0,0.0,0.0,0.0,0.0,0.0,0.0,1.0,1.0
GCA_000375485.1,1.0,1.0,0.0,0.0,0.0,0.0,1.0,1.0,1.0,1.0,1,2.0,1.0,1.0,1.0,0.0,0.0,0.0,1.0,0.0,0.0,0.0,0.0,0.0,1.0,1.0,2.0
GCA_000384015.1,0.0,3.0,1.0,1.0,0.0,0.0,1.0,1.0,0.0,1.0,1,1.0,0.0,0.0,1.0,0.0,0.0,0.0,0.0,0.0,0.0,0.0,0.0,0.0,1.0,1.0,0.0
GCA_000384395.1,1.0,0.0,0.0,0.0,1.0,1.0,0.0,0.0,0.0,1.0,1,1.0,1.0,1.0,1.0,0.0,0.0,0.0,0.0,0.0,0.0,0.0,0.0,0.0,0.0,2.0,1.0
GCA_000420085.1,1.0,4.0,1.0,1.0,1.0,1.0,1.0,1.0,1.0,1.0,1,10.0,1.0,1.0,1.0,0.0,0.0,0.0,2.0,0.0,0.0,0.0,0.0,0.0,1.0,1.0,1.0
GCA_000420485.1,2.0,3.0,0.0,0.0,1.0,1.0,1.0,1.0,1.0,1.0,1,2.0,1.0,1.0,1.0,0.0,0.0,0.0,2.0,0.0,0.0,0.0,0.0,0.0,0.0,1.0,1.0
GCA_000421285.1,1.0,3.0,1.0,1.0,1.0,1.0,1.0,1.0,1.0,1.0,1,9.0,0.0,0.0,1.0,0.0,0.0,0.0,2.0,0.0,0.0,0.0,0.0,0.0,0.0,2.0,2.0
GCA_000422185.1,1.0,3.0,1.0,1.0,0.0,0.0,1.0,1.0,1.0,1.0,1,2.0,0.0,0.0,0.0,0.0,0.0,0.0,2.0,0.0,0.0,0.0,0.0,0.0,0.0,3.0,1.0
GCA_000422205.1,2.0,1.0,0.0,0.0,0.0,0.0,1.0,1.0,1.0,1.0,1,1.0,1.0,1.0,1.0,0.0,0.0,0.0,1.0,0.0,0.0,0.0,0.0,0.0,0.0,1.0,1.0
GCA_000422245.1,2.0,0.0,0.0,0.0,0.0,0.0,1.0,1.0,1.0,1.0,1,1.0,1.0,1.0,1.0,0.0,0.0,0.0,1.0,0.0,0.0,0.0,0.0,0.0,2.0,0.0,2.0
GCA_000422545.1,1.0,1.0,0.0,0.0,0.0,0.0,1.0,1.0,1.0,1.0,1,1.0,1.0,1.0,1.0,0.0,0.0,0.0,2.0,0.0,0.0,0.0,0.0,0.0,0.0,1.0,2.0
GCA_000426865.1,1.0,2.0,0.0,0.0,1.0,1.0,0.0,0.0,0.0,1.0,1,2.0,1.0,1.0,1.0,0.0,0.0,0.0,0.0,0.0,0.0,0.0,0.0,0.0,0.0,1.0,0.0
GCA_000428825.1,1.0,1.0,0.0,0.0,1.0,1.0,1.0,1.0,1.0,1.0,1,2.0,1.0,1.0,1.0,0.0,0.0,0.0,1.0,0.0,0.0,0.0,0.0,0.0,0.0,0.0,1.0
GCA_000429305.1,1.0,2.0,0.0,0.0,0.0,0.0,1.0,1.0,1.0,1.0,1,2.0,1.0,1.0,1.0,0.0,0.0,0.0,2.0,0.0,0.0,0.0,0.0,0.0,0.0,1.0,2.0
GCA_000429325.1,1.0,1.0,0.0,0.0,0.0,0.0,1.0,1.0,1.0,1.0,1,1.0,2.0,2.0,2.0,0.0,0.0,0.0,1.0,0.0,0.0,0.0,0.0,0.0,1.0,0.0,1.0
GCA_000429945.1,1.0,0.0,0.0,0.0,0.0,1.0,1.0,1.0,1.0,1.0,1,1.0,0.0,0.0,1.0,0.0,0.0,0.0,2.0,0.0,0.0,0.0,0.0,0.0,0.0,1.0,2.0
GCA_000429965.1,1.0,1.0,0.0,0.0,1.0,1.0,1.0,1.0,1.0,1.0,1,1.0,1.0,1.0,1.0,0.0,0.0,0.0,2.0,0.0,0.0,0.0,0.0,0.0,0.0,1.0,2.0
GCA_000430905.1,0.0,0.0,0.0,0.0,0.0,0.0,0.0,0.0,0.0,0.0,1,0.0,0.0,0.0,1.0,0.0,0.0,0.0,0.0,0.0,0.0,0.0,0.0,0.0,0.0,0.0,0.0
GCA_000445165.1,0.0,1.0,1.0,0.0,0.0,0.0,0.0,0.0,0.0,0.0,1,5.0,1.0,1.0,1.0,0.0,0.0,0.0,0.0,0.0,0.0,0.0,0.0,0.0,0.0,1.0,0.0
GCA_000504205.1,1.0,1.0,1.0,1.0,0.0,0.0,0.0,0.0,0.0,1.0,1,1.0,1.0,1.0,3.0,0.0,0.0,0.0,0.0,0.0,0.0,0.0,0.0,0.0,0.0,0.0,0.0
GCA_000512235.1,1.0,3.0,1.0,1.0,0.0,0.0,0.0,0.0,0.0,1.0,1,0.0,0.0,0.0,0.0,0.0,0.0,0.0,0.0,0.0,0.0,0.0,0.0,0.0,0.0,2.0,0.0
GCA_000512895.1,0.0,1.0,1.0,0.0,0.0,0.0,0.0,0.0,0.0,0.0,1,4.0,0.0,0.0,0.0,0.0,0.0,0.0,0.0,0.0,0.0,0.0,0.0,0.0,0.0,1.0,0.0
GCA_000519265.1,1.0,1.0,0.0,0.0,0.0,0.0,1.0,1.0,1.0,1.0,1,1.0,1.0,1.0,1.0,0.0,0.0,0.0,1.0,0.0,0.0,0.0,0.0,0.0,2.0,0.0,2.0
GCA_000521465.1,0.0,2.0,0.0,0.0,0.0,0.0,0.0,0.0,0.0,1.0,1,2.0,0.0,0.0,2.0,0.0,0.0,0.0,0.0,0.0,0.0,0.0,0.0,0.0,0.0,1.0,0.0
GCA_000526155.1,1.0,3.0,1.0,1.0,0.0,0.0,0.0,0.0,0.0,0.0,1,2.0,1.0,1.0,1.0,0.0,0.0,0.0,0.0,0.0,0.0,0.0,0.0,0.0,0.0,1.0,0.0
GCA_000621505.1,0.0,2.0,0.0,0.0,0.0,0.0,0.0,0.0,0.0,1.0,1,2.0,1.0,0.0,3.0,0.0,0.0,0.0,0.0,0.0,0.0,0.0,0.0,0.0,0.0,1.0,0.0
GCA_000686525.1,2.0,1.0,0.0,0.0,0.0,0.0,1.0,1.0,1.0,1.0,1,1.0,1.0,1.0,1.0,0.0,0.0,0.0,1.0,0.0,0.0,0.0,0.0,0.0,0.0,1.0,2.0
GCA_000699585.1,0.0,0.0,0.0,0.0,0.0,0.0,0.0,0.0,0.0,1.0,1,1.0,0.0,0.0,0.0,0.0,0.0,0.0,0.0,0.0,0.0,0.0,0.0,0.0,0.0,0.0,0.0
GCA_000711225.1,0.0,0.0,0.0,0.0,2.0,2.0,0.0,0.0,0.0,1.0,1,2.0,1.0,1.0,1.0,0.0,0.0,0.0,0.0,1.0,1.0,0.0,0.0,0.0,0.0,2.0,1.0
GCA_000717475.2,1.0,1.0,0.0,0.0,0.0,0.0,1.0,1.0,1.0,1.0,1,1.0,1.0,1.0,1.0,0.0,0.0,0.0,2.0,0.0,0.0,0.0,0.0,0.0,2.0,0.0,2.0
GCA_000732885.1,1.0,3.0,0.0,1.0,0.0,1.0,1.0,1.0,1.0,0.0,1,13.0,0.0,0.0,0.0,0.0,0.0,0.0,2.0,0.0,0.0,0.0,0.0,0.0,0.0,1.0,1.0
GCA_000745845.1,0.0,2.0,0.0,0.0,0.0,0.0,0.0,0.0,0.0,2.0,1,1.0,1.0,1.0,1.0,0.0,0.0,0.0,0.0,0.0,0.0,0.0,0.0,0.0,0.0,1.0,0.0
GCA_000769715.1,1.0,3.0,1.0,1.0,0.0,1.0,1.0,1.0,1.0,1.0,1,6.0,1.0,1.0,1.0,0.0,0.0,0.0,1.0,0.0,0.0,0.0,0.0,0.0,0.0,1.0,1.0
GCA_000770645.1,1.0,1.0,1.0,1.0,0.0,0.0,0.0,0.0,0.0,0.0,1,2.0,1.0,1.0,1.0,0.0,0.0,0.0,0.0,0.0,0.0,0.0,0.0,0.0,0.0,2.0,0.0
GCA_000802135.1,0.0,3.0,1.0,1.0,0.0,0.0,1.0,1.0,0.0,1.0,1,3.0,1.0,1.0,2.0,0.0,0.0,0.0,0.0,0.0,0.0,0.0,0.0,0.0,1.0,1.0,1.0
GCA_000813145.1,1.0,1.0,0.0,0.0,1.0,1.0,0.0,0.0,0.0,1.0,1,2.0,1.0,1.0,2.0,0.0,0.0,0.0,0.0,0.0,0.0,0.0,0.0,0.0,0.0,1.0,1.0
GCA_000816575.1,1.0,0.0,0.0,0.0,1.0,1.0,0.0,0.0,0.0,1.0,1,2.0,0.0,0.0,0.0,0.0,0.0,0.0,0.0,0.0,0.0,0.0,0.0,0.0,0.0,1.0,0.0
GCA_000817955.1,1.0,2.0,0.0,0.0,1.0,1.0,0.0,0.0,0.0,1.0,1,2.0,1.0,1.0,2.0,0.0,0.0,0.0,0.0,0.0,0.0,0.0,0.0,0.0,0.0,1.0,0.0
GCA_000820505.1,0.0,0.0,0.0,0.0,1.0,0.0,0.0,0.0,0.0,1.0,1,2.0,1.0,1.0,1.0,0.0,0.0,0.0,0.0,0.0,0.0,0.0,0.0,0.0,0.0,3.0,0.0
GCA_000931935.2,1.0,3.0,1.0,2.0,0.0,0.0,1.0,1.0,1.0,0.0,1,4.0,0.0,0.0,0.0,0.0,0.0,0.0,2.0,0.0,0.0,0.0,0.0,0.0,0.0,1.0,1.0
GCA_000934745.1,2.0,0.0,0.0,0.0,0.0,0.0,1.0,1.0,1.0,1.0,1,1.0,1.0,1.0,1.0,0.0,0.0,0.0,2.0,0.0,0.0,0.0,0.0,0.0,2.0,1.0,2.0
GCA_000960765.1,0.0,4.0,1.0,0.0,0.0,0.0,1.0,1.0,0.0,1.0,1,2.0,1.0,1.0,1.0,0.0,0.0,0.0,1.0,0.0,0.0,0.0,0.0,0.0,0.0,1.0,2.0
GCA_000961035.1,1.0,1.0,0.0,0.0,1.0,1.0,0.0,0.0,0.0,1.0,1,2.0,1.0,1.0,1.0,0.0,0.0,0.0,0.0,0.0,0.0,0.0,0.0,0.0,0.0,1.0,0.0
GCA_000961655.1,0.0,2.0,1.0,1.0,0.0,0.0,1.0,1.0,1.0,1.0,1,5.0,1.0,1.0,1.0,0.0,0.0,0.0,2.0,0.0,0.0,0.0,0.0,0.0,0.0,3.0,2.0
GCA_000961725.1,2.0,4.0,1.0,1.0,2.0,1.0,1.0,1.0,2.0,1.0,1,7.0,1.0,1.0,1.0,0.0,0.0,0.0,2.0,0.0,0.0,0.0,0.0,0.0,1.0,2.0,1.0
GCA_000961765.1,0.0,3.0,1.0,1.0,0.0,0.0,1.0,1.0,0.0,1.0,1,1.0,0.0,0.0,0.0,0.0,0.0,0.0,0.0,0.0,0.0,0.0,0.0,0.0,1.0,2.0,1.0
GCA_001029285.1,0.0,2.0,1.0,1.0,0.0,0.0,1.0,1.0,0.0,1.0,1,1.0,1.0,1.0,1.0,0.0,0.0,0.0,1.0,0.0,0.0,0.0,0.0,0.0,1.0,1.0,1.0
GCA_001050275.1,1.0,0.0,0.0,0.0,0.0,0.0,0.0,0.0,0.0,1.0,1,3.0,0.0,0.0,0.0,0.0,0.0,0.0,0.0,0.0,0.0,0.0,0.0,0.0,1.0,0.0,0.0
GCA_001184205.1,1.0,2.0,1.0,1.0,0.0,0.0,1.0,1.0,1.0,0.0,1,4.0,1.0,1.0,1.0,0.0,0.0,0.0,1.0,0.0,0.0,0.0,0.0,0.0,0.0,2.0,3.0
GCA_001262605.1,0.0,2.0,0.0,0.0,0.0,0.0,0.0,0.0,0.0,2.0,1,1.0,1.0,1.0,1.0,0.0,0.0,0.0,0.0,0.0,0.0,0.0,0.0,0.0,0.0,1.0,0.0
GCA_001278055.1,1.0,1.0,0.0,0.0,1.0,1.0,0.0,0.0,0.0,1.0,1,2.0,1.0,1.0,1.0,0.0,0.0,0.0,0.0,0.0,0.0,0.0,0.0,0.0,0.0,1.0,1.0
GCA_001306095.1,1.0,0.0,0.0,0.0,0.0,0.0,0.0,0.0,0.0,1.0,1,3.0,0.0,0.0,0.0,0.0,0.0,0.0,0.0,0.0,0.0,0.0,0.0,0.0,1.0,0.0,0.0
GCA_001311825.1,1.0,3.0,0.0,0.0,0.0,0.0,1.0,1.0,1.0,1.0,1,2.0,1.0,1.0,0.0,0.0,0.0,0.0,1.0,0.0,0.0,0.0,0.0,0.0,0.0,0.0,1.0
GCA_001311845.1,2.0,3.0,1.0,0.0,0.0,0.0,1.0,1.0,1.0,1.0,1,7.0,1.0,1.0,1.0,0.0,0.0,0.0,1.0,0.0,0.0,0.0,0.0,0.0,0.0,4.0,1.0
GCA_001311985.1,0.0,1.0,0.0,0.0,0.0,0.0,0.0,0.0,0.0,1.0,1,3.0,1.0,0.0,2.0,0.0,0.0,0.0,0.0,0.0,0.0,0.0,0.0,0.0,0.0,0.0,0.0
GCA_001412345.1,0.0,0.0,0.0,0.0,0.0,0.0,0.0,0.0,0.0,1.0,1,1.0,0.0,0.0,0.0,0.0,0.0,0.0,0.0,0.0,0.0,0.0,0.0,0.0,0.0,1.0,0.0
GCA_001412355.1,0.0,1.0,0.0,0.0,0.0,0.0,0.0,0.0,0.0,1.0,1,0.0,0.0,0.0,1.0,0.0,0.0,0.0,0.0,0.0,0.0,0.0,0.0,0.0,0.0,1.0,0.0
GCA_001421185.1,0.0,1.0,1.0,0.0,0.0,0.0,0.0,0.0,0.0,1.0,1,1.0,0.0,0.0,1.0,0.0,0.0,0.0,0.0,0.0,0.0,0.0,0.0,0.0,0.0,1.0,0.0
GCA_001440545.1,0.0,1.0,0.0,0.0,0.0,0.0,0.0,0.0,0.0,1.0,1,0.0,0.0,0.0,0.0,0.0,0.0,0.0,0.0,0.0,0.0,0.0,0.0,0.0,0.0,1.0,0.0
GCA_001508375.1,2.0,0.0,1.0,1.0,0.0,0.0,0.0,0.0,0.0,1.0,1,1.0,0.0,0.0,0.0,0.0,0.0,0.0,0.0,0.0,0.0,0.0,0.0,0.0,0.0,1.0,0.0
GCA_001512965.1,1.0,1.0,1.0,1.0,0.0,0.0,0.0,0.0,0.0,1.0,1,1.0,0.0,0.0,1.0,0.0,0.0,0.0,0.0,0.0,0.0,0.0,0.0,0.0,0.0,0.0,0.0
GCA_001513155.1,0.0,0.0,0.0,0.0,0.0,0.0,1.0,1.0,0.0,0.0,1,1.0,0.0,0.0,0.0,0.0,0.0,0.0,0.0,0.0,0.0,0.0,0.0,0.0,0.0,1.0,0.0
GCA_001515945.1,0.0,2.0,1.0,1.0,0.0,0.0,1.0,1.0,0.0,0.0,1,1.0,0.0,0.0,0.0,0.0,0.0,0.0,0.0,0.0,0.0,0.0,0.0,0.0,0.0,1.0,1.0
GCA_001516045.1,0.0,3.0,1.0,1.0,0.0,0.0,1.0,1.0,0.0,0.0,1,1.0,1.0,1.0,1.0,0.0,0.0,0.0,0.0,0.0,0.0,0.0,0.0,0.0,0.0,1.0,3.0
GCA_001516055.1,0.0,2.0,1.0,1.0,0.0,0.0,1.0,1.0,0.0,0.0,1,2.0,1.0,1.0,1.0,0.0,0.0,0.0,0.0,0.0,0.0,0.0,0.0,0.0,0.0,1.0,1.0
GCA_001541255.1,1.0,2.0,1.0,1.0,0.0,1.0,1.0,1.0,0.0,1.0,1,2.0,0.0,0.0,0.0,0.0,0.0,0.0,1.0,0.0,0.0,0.0,0.0,0.0,1.0,0.0,1.0
GCA_001563225.1,1.0,3.0,0.0,0.0,1.0,1.0,1.0,1.0,1.0,1.0,1,1.0,1.0,1.0,1.0,0.0,0.0,0.0,2.0,0.0,0.0,0.0,0.0,0.0,0.0,1.0,2.0
GCA_001577565.1,1.0,1.0,1.0,1.0,0.0,0.0,0.0,0.0,0.0,1.0,1,1.0,1.0,1.0,2.0,0.0,0.0,0.0,0.0,0.0,0.0,0.0,0.0,0.0,1.0,1.0,0.0
GCA_001595385.3,1.0,0.0,0.0,0.0,1.0,2.0,0.0,0.0,0.0,1.0,1,1.0,0.0,0.0,0.0,2.0,1.0,0.0,1.0,0.0,0.0,0.0,0.0,0.0,1.0,1.0,0.0
GCA_001603955.1,1.0,1.0,1.0,1.0,0.0,0.0,0.0,0.0,0.0,1.0,1,2.0,0.0,0.0,0.0,0.0,0.0,0.0,0.0,0.0,0.0,0.0,0.0,0.0,0.0,2.0,0.0
GCA_001604385.1,1.0,0.0,0.0,0.0,0.0,0.0,0.0,0.0,0.0,1.0,1,2.0,1.0,1.0,1.0,0.0,0.0,0.0,0.0,0.0,0.0,0.0,0.0,0.0,0.0,0.0,0.0
GCA_001604405.1,0.0,0.0,0.0,0.0,0.0,0.0,0.0,0.0,0.0,1.0,1,2.0,1.0,1.0,1.0,0.0,0.0,0.0,0.0,0.0,0.0,0.0,0.0,0.0,0.0,0.0,0.0
GCA_001604475.1,0.0,0.0,0.0,0.0,0.0,0.0,0.0,0.0,0.0,0.0,1,1.0,0.0,0.0,0.0,0.0,0.0,0.0,0.0,0.0,0.0,0.0,0.0,0.0,0.0,0.0,0.0
GCA_001611275.1,1.0,1.0,0.0,0.0,1.0,1.0,0.0,0.0,0.0,1.0,1,3.0,1.0,1.0,1.0,0.0,0.0,0.0,0.0,0.0,0.0,0.0,0.0,0.0,0.0,1.0,1.0
GCA_001618385.1,1.0,0.0,0.0,0.0,0.0,0.0,0.0,0.0,0.0,1.0,1,1.0,1.0,1.0,1.0,0.0,0.0,0.0,0.0,0.0,0.0,0.0,0.0,0.0,0.0,0.0,0.0
GCA_001628815.1,1.0,0.0,0.0,0.0,1.0,1.0,0.0,0.0,0.0,0.0,1,2.0,0.0,0.0,0.0,0.0,0.0,0.0,0.0,0.0,0.0,0.0,0.0,0.0,0.0,1.0,0.0
GCA_001707455.1,0.0,1.0,1.0,0.0,0.0,0.0,0.0,0.0,0.0,0.0,1,3.0,0.0,0.0,0.0,0.0,0.0,0.0,0.0,0.0,0.0,0.0,0.0,0.0,0.0,1.0,0.0
GCA_001707885.1,0.0,4.0,1.0,1.0,0.0,0.0,1.0,1.0,0.0,0.0,1,2.0,1.0,1.0,1.0,0.0,0.0,0.0,1.0,0.0,0.0,0.0,0.0,0.0,0.0,1.0,1.0
GCA_001714685.2,1.0,2.0,1.0,1.0,0.0,0.0,0.0,0.0,0.0,1.0,1,2.0,1.0,1.0,3.0,0.0,0.0,0.0,0.0,0.0,0.0,0.0,0.0,0.0,0.0,1.0,0.0
GCA_001717745.1,0.0,2.0,0.0,0.0,0.0,0.0,0.0,0.0,0.0,1.0,2,3.0,0.0,0.0,1.0,0.0,0.0,0.0,0.0,0.0,0.0,0.0,0.0,0.0,0.0,1.0,0.0
GCA_001742305.1,1.0,0.0,0.0,0.0,0.0,0.0,0.0,0.0,0.0,1.0,1,2.0,1.0,1.0,1.0,0.0,0.0,0.0,1.0,0.0,0.0,0.0,0.0,0.0,0.0,1.0,1.0
GCA_001749745.1,1.0,0.0,0.0,0.0,0.0,0.0,0.0,0.0,0.0,1.0,1,1.0,1.0,1.0,1.0,0.0,0.0,0.0,0.0,0.0,0.0,0.0,0.0,0.0,0.0,0.0,0.0
GCA_001768975.1,2.0,0.0,0.0,0.0,1.0,1.0,0.0,0.0,0.0,0.0,1,1.0,0.0,0.0,0.0,0.0,0.0,0.0,0.0,0.0,0.0,0.0,0.0,0.0,2.0,0.0,1.0
GCA_001769035.1,1.0,0.0,0.0,0.0,0.0,0.0,0.0,0.0,0.0,1.0,1,0.0,0.0,0.0,0.0,0.0,0.0,0.0,0.0,0.0,0.0,0.0,0.0,0.0,0.0,0.0,1.0
GCA_001769125.1,2.0,0.0,0.0,0.0,0.0,0.0,0.0,0.0,0.0,1.0,1,1.0,0.0,0.0,0.0,0.0,0.0,0.0,0.0,0.0,0.0,0.0,0.0,0.0,0.0,1.0,0.0
GCA_001769395.1,2.0,0.0,0.0,0.0,0.0,0.0,0.0,0.0,0.0,1.0,1,1.0,0.0,0.0,0.0,0.0,0.0,0.0,0.0,0.0,0.0,0.0,0.0,0.0,0.0,1.0,0.0
GCA_001794965.1,0.0,2.0,1.0,1.0,0.0,0.0,0.0,0.0,0.0,1.0,1,2.0,0.0,0.0,0.0,0.0,0.0,1.0,0.0,0.0,0.0,0.0,0.0,0.0,1.0,0.0,0.0
GCA_001795545.1,1.0,0.0,0.0,0.0,1.0,2.0,0.0,0.0,0.0,1.0,1,1.0,0.0,0.0,0.0,2.0,1.0,0.0,1.0,0.0,0.0,0.0,0.0,0.0,1.0,1.0,0.0
GCA_001795575.1,0.0,1.0,1.0,0.0,1.0,1.0,0.0,0.0,0.0,1.0,1,1.0,0.0,0.0,0.0,0.0,0.0,0.0,0.0,0.0,0.0,0.0,0.0,0.0,0.0,1.0,0.0
GCA_001796335.1,0.0,2.0,1.0,1.0,0.0,0.0,0.0,0.0,0.0,1.0,1,2.0,0.0,0.0,0.0,0.0,0.0,1.0,0.0,0.0,0.0,0.0,0.0,0.0,1.0,0.0,0.0
GCA_001796365.1,0.0,2.0,1.0,1.0,0.0,0.0,0.0,0.0,0.0,1.0,1,2.0,0.0,0.0,0.0,0.0,0.0,1.0,0.0,0.0,0.0,0.0,0.0,0.0,1.0,0.0,0.0
GCA_001797465.1,1.0,0.0,0.0,0.0,1.0,1.0,0.0,0.0,0.0,1.0,1,1.0,0.0,0.0,0.0,1.0,0.0,0.0,1.0,0.0,0.0,0.0,0.0,0.0,2.0,0.0,0.0
GCA_001797845.1,0.0,0.0,0.0,0.0,0.0,0.0,0.0,0.0,0.0,0.0,1,1.0,0.0,0.0,0.0,0.0,0.0,0.0,0.0,0.0,0.0,0.0,0.0,0.0,0.0,1.0,0.0
GCA_001798425.1,1.0,0.0,0.0,0.0,1.0,2.0,0.0,0.0,0.0,1.0,1,1.0,0.0,0.0,0.0,2.0,1.0,0.0,1.0,0.0,0.0,0.0,0.0,0.0,1.0,1.0,0.0
GCA_001799275.1,0.0,1.0,1.0,1.0,0.0,0.0,1.0,1.0,1.0,1.0,1,2.0,0.0,0.0,0.0,0.0,0.0,0.0,2.0,0.0,0.0,0.0,0.0,0.0,1.0,2.0,1.0
GCA_001799285.1,1.0,1.0,1.0,1.0,0.0,0.0,1.0,1.0,1.0,1.0,1,3.0,1.0,1.0,1.0,0.0,0.0,0.0,1.0,0.0,0.0,0.0,0.0,0.0,0.0,1.0,2.0
GCA_001799365.1,1.0,2.0,1.0,1.0,1.0,1.0,1.0,1.0,2.0,1.0,1,6.0,1.0,1.0,1.0,0.0,0.0,0.0,2.0,0.0,0.0,0.0,0.0,0.0,1.0,1.0,1.0
GCA_001799395.1,1.0,2.0,0.0,1.0,1.0,1.0,1.0,1.0,1.0,0.0,1,4.0,1.0,1.0,1.0,0.0,0.0,0.0,1.0,0.0,0.0,0.0,0.0,0.0,0.0,1.0,0.0
GCA_001799735.1,1.0,0.0,0.0,0.0,0.0,0.0,0.0,0.0,0.0,0.0,1,1.0,0.0,0.0,0.0,0.0,0.0,0.0,0.0,0.0,0.0,0.0,0.0,0.0,0.0,1.0,0.0
GCA_001800235.1,0.0,0.0,0.0,0.0,0.0,0.0,0.0,0.0,0.0,1.0,1,1.0,0.0,0.0,0.0,0.0,0.0,0.0,0.0,0.0,0.0,0.0,0.0,0.0,0.0,1.0,0.0
GCA_001800315.1,0.0,0.0,0.0,0.0,0.0,0.0,0.0,0.0,0.0,1.0,1,1.0,0.0,0.0,0.0,0.0,0.0,0.0,0.0,0.0,0.0,0.0,0.0,0.0,0.0,1.0,0.0
GCA_001800475.1,0.0,0.0,0.0,0.0,0.0,0.0,0.0,0.0,0.0,1.0,1,1.0,0.0,0.0,0.0,0.0,0.0,0.0,0.0,0.0,0.0,0.0,0.0,0.0,0.0,1.0,0.0
GCA_001802135.1,1.0,0.0,0.0,0.0,2.0,2.0,0.0,0.0,0.0,1.0,1,3.0,1.0,1.0,1.0,0.0,0.0,0.0,0.0,0.0,0.0,0.0,0.0,0.0,0.0,1.0,0.0
GCA_001803235.1,1.0,1.0,1.0,1.0,1.0,1.0,0.0,0.0,0.0,1.0,1,3.0,0.0,0.0,0.0,0.0,0.0,0.0,0.0,0.0,0.0,0.0,0.0,0.0,0.0,1.0,0.0
GCA_001803305.1,1.0,1.0,1.0,1.0,1.0,1.0,0.0,0.0,0.0,1.0,1,3.0,0.0,0.0,0.0,0.0,0.0,0.0,0.0,0.0,0.0,0.0,0.0,0.0,0.0,1.0,0.0
GCA_001803605.1,1.0,0.0,0.0,0.0,0.0,0.0,1.0,1.0,0.0,1.0,1,1.0,1.0,1.0,1.0,0.0,0.0,0.0,1.0,0.0,0.0,0.0,0.0,0.0,0.0,1.0,0.0
GCA_001803635.1,1.0,1.0,1.0,1.0,0.0,0.0,1.0,1.0,0.0,1.0,1,1.0,1.0,1.0,1.0,0.0,0.0,0.0,1.0,0.0,0.0,0.0,0.0,0.0,0.0,1.0,0.0
GCA_001803945.1,1.0,1.0,0.0,1.0,0.0,0.0,1.0,1.0,0.0,1.0,1,1.0,1.0,1.0,0.0,0.0,0.0,0.0,1.0,0.0,0.0,0.0,0.0,0.0,0.0,1.0,0.0
GCA_001804865.1,1.0,0.0,0.0,0.0,0.0,0.0,0.0,0.0,0.0,1.0,1,1.0,1.0,1.0,1.0,0.0,0.0,0.0,0.0,0.0,0.0,0.0,0.0,0.0,0.0,0.0,0.0
GCA_001805105.1,1.0,1.0,1.0,1.0,0.0,0.0,1.0,1.0,0.0,1.0,1,1.0,1.0,1.0,1.0,0.0,0.0,0.0,1.0,0.0,0.0,0.0,0.0,0.0,0.0,1.0,0.0
GCA_001829155.1,0.0,0.0,0.0,0.0,0.0,0.0,0.0,0.0,0.0,1.0,1,1.0,1.0,1.0,1.0,0.0,0.0,0.0,0.0,0.0,0.0,0.0,0.0,0.0,0.0,0.0,0.0
GCA_001829185.1,1.0,0.0,0.0,0.0,0.0,0.0,0.0,0.0,0.0,1.0,1,1.0,0.0,0.0,0.0,0.0,0.0,0.0,0.0,0.0,0.0,0.0,0.0,0.0,0.0,0.0,0.0
GCA_001829245.1,1.0,0.0,0.0,0.0,0.0,0.0,0.0,0.0,0.0,1.0,1,1.0,0.0,0.0,0.0,0.0,0.0,0.0,0.0,0.0,0.0,0.0,0.0,0.0,0.0,0.0,0.0
GCA_001829295.1,1.0,0.0,0.0,0.0,0.0,0.0,0.0,0.0,0.0,1.0,1,1.0,0.0,0.0,0.0,0.0,0.0,0.0,0.0,0.0,0.0,0.0,0.0,0.0,0.0,0.0,0.0
GCA_001829315.1,0.0,0.0,0.0,0.0,0.0,0.0,0.0,0.0,0.0,0.0,1,1.0,1.0,1.0,1.0,0.0,0.0,0.0,0.0,0.0,0.0,0.0,0.0,0.0,0.0,0.0,0.0
GCA_001829335.1,0.0,0.0,0.0,0.0,0.0,0.0,0.0,0.0,0.0,0.0,1,1.0,1.0,1.0,1.0,0.0,0.0,0.0,0.0,0.0,0.0,0.0,0.0,0.0,0.0,0.0,0.0
GCA_001829345.1,0.0,0.0,0.0,0.0,0.0,0.0,0.0,0.0,0.0,0.0,1,1.0,1.0,1.0,1.0,0.0,0.0,0.0,0.0,0.0,0.0,0.0,0.0,0.0,0.0,0.0,0.0
GCA_001829415.1,1.0,0.0,0.0,0.0,0.0,0.0,0.0,0.0,0.0,1.0,1,1.0,0.0,0.0,0.0,1.0,0.0,0.0,0.0,0.0,0.0,0.0,0.0,0.0,0.0,0.0,0.0
GCA_001829495.1,1.0,1.0,1.0,1.0,1.0,1.0,0.0,0.0,0.0,1.0,1,6.0,0.0,0.0,0.0,0.0,0.0,0.0,0.0,0.0,0.0,0.0,0.0,0.0,1.0,0.0,1.0
GCA_001830615.1,1.0,0.0,0.0,0.0,0.0,0.0,0.0,0.0,0.0,1.0,1,1.0,0.0,0.0,0.0,0.0,0.0,0.0,0.0,0.0,0.0,0.0,0.0,0.0,0.0,0.0,0.0
GCA_001830635.1,1.0,0.0,0.0,0.0,0.0,0.0,0.0,0.0,0.0,1.0,1,1.0,0.0,0.0,0.0,0.0,0.0,0.0,0.0,0.0,0.0,0.0,0.0,0.0,0.0,0.0,0.0
GCA_001854245.1,1.0,3.0,1.0,1.0,0.0,0.0,1.0,1.0,1.0,1.0,1,2.0,0.0,0.0,0.0,0.0,0.0,0.0,2.0,0.0,0.0,0.0,0.0,0.0,0.0,3.0,1.0
GCA_001871115.1,1.0,0.0,0.0,0.0,0.0,0.0,0.0,0.0,0.0,0.0,1,1.0,0.0,0.0,0.0,0.0,0.0,0.0,0.0,0.0,0.0,0.0,0.0,0.0,0.0,1.0,0.0
GCA_001873285.1,1.0,1.0,1.0,1.0,0.0,0.0,2.0,2.0,0.0,0.0,1,1.0,0.0,0.0,0.0,0.0,0.0,0.0,2.0,0.0,0.0,0.0,0.0,0.0,2.0,1.0,1.0
GCA_001873745.1,1.0,1.0,1.0,1.0,0.0,0.0,0.0,0.0,0.0,1.0,1,3.0,0.0,0.0,0.0,0.0,0.0,0.0,0.0,0.0,0.0,0.0,0.0,0.0,0.0,1.0,0.0
GCA_001873905.1,0.0,3.0,1.0,1.0,0.0,0.0,1.0,1.0,1.0,1.0,1,5.0,0.0,0.0,0.0,0.0,0.0,0.0,1.0,0.0,0.0,0.0,0.0,0.0,0.0,0.0,0.0
GCA_001873935.1,0.0,1.0,1.0,0.0,1.0,1.0,0.0,0.0,0.0,1.0,1,1.0,0.0,0.0,0.0,0.0,0.0,0.0,0.0,0.0,0.0,0.0,0.0,0.0,0.0,1.0,0.0
GCA_001874005.1,1.0,2.0,1.0,1.0,0.0,0.0,1.0,1.0,1.0,1.0,1,4.0,0.0,0.0,0.0,0.0,0.0,0.0,1.0,0.0,0.0,0.0,0.0,0.0,0.0,1.0,0.0
GCA_001874525.1,1.0,1.0,0.0,0.0,1.0,1.0,1.0,1.0,1.0,1.0,1,2.0,1.0,1.0,2.0,0.0,0.0,0.0,2.0,0.0,0.0,0.0,0.0,0.0,0.0,1.0,2.0
GCA_001902295.1,0.0,1.0,0.0,0.0,0.0,0.0,0.0,0.0,0.0,0.0,1,1.0,1.0,1.0,5.0,0.0,0.0,0.0,0.0,0.0,0.0,0.0,0.0,0.0,0.0,1.0,0.0
GCA_001936615.1,0.0,5.0,1.0,1.0,0.0,0.0,1.0,1.0,0.0,1.0,1,0.0,1.0,1.0,1.0,0.0,0.0,0.0,1.0,0.0,0.0,0.0,0.0,0.0,0.0,1.0,4.0
GCA_002009335.2,1.0,3.0,1.0,1.0,0.0,0.0,1.0,1.0,1.0,1.0,1,2.0,0.0,0.0,0.0,0.0,0.0,0.0,2.0,0.0,0.0,0.0,0.0,0.0,0.0,3.0,1.0
GCA_002051585.1,0.0,1.0,0.0,0.0,0.0,0.0,0.0,0.0,0.0,1.0,1,2.0,1.0,1.0,7.0,0.0,0.0,0.0,0.0,0.0,0.0,0.0,0.0,0.0,0.0,0.0,0.0
GCA_002067035.1,0.0,1.0,2.0,2.0,0.0,0.0,0.0,0.0,0.0,1.0,1,0.0,0.0,0.0,1.0,0.0,0.0,0.0,0.0,0.0,0.0,0.0,0.0,0.0,0.0,0.0,0.0
GCA_002067115.1,0.0,1.0,0.0,0.0,0.0,0.0,0.0,0.0,0.0,1.0,1,0.0,0.0,0.0,1.0,0.0,0.0,0.0,0.0,0.0,0.0,0.0,0.0,0.0,0.0,1.0,0.0
GCA_002067165.1,0.0,2.0,1.0,1.0,0.0,0.0,0.0,0.0,0.0,1.0,1,2.0,0.0,0.0,0.0,0.0,0.0,0.0,0.0,0.0,0.0,0.0,0.0,0.0,0.0,2.0,0.0
GCA_002067235.1,1.0,1.0,1.0,1.0,0.0,0.0,0.0,0.0,0.0,0.0,1,1.0,0.0,0.0,0.0,0.0,0.0,0.0,0.0,0.0,0.0,0.0,0.0,0.0,0.0,2.0,0.0
GCA_002067245.1,2.0,0.0,0.0,0.0,0.0,0.0,0.0,0.0,0.0,2.0,2,2.0,0.0,0.0,0.0,0.0,0.0,0.0,0.0,0.0,0.0,0.0,0.0,0.0,0.0,1.0,0.0
GCA_002067275.1,0.0,1.0,1.0,1.0,0.0,0.0,0.0,0.0,0.0,1.0,1,1.0,1.0,1.0,2.0,0.0,0.0,0.0,0.0,0.0,0.0,0.0,0.0,0.0,0.0,0.0,0.0
GCA_002067315.1,0.0,0.0,0.0,0.0,0.0,0.0,0.0,0.0,0.0,0.0,1,0.0,0.0,0.0,1.0,0.0,0.0,0.0,1.0,0.0,0.0,0.0,0.0,0.0,0.0,0.0,0.0
GCA_002067645.1,0.0,1.0,2.0,2.0,0.0,0.0,0.0,0.0,0.0,1.0,1,0.0,0.0,0.0,1.0,0.0,0.0,0.0,0.0,0.0,0.0,0.0,0.0,0.0,0.0,0.0,0.0
GCA_002067745.1,2.0,0.0,0.0,0.0,0.0,0.0,0.0,0.0,0.0,1.0,2,2.0,0.0,0.0,0.0,0.0,0.0,0.0,0.0,0.0,0.0,0.0,0.0,0.0,0.0,1.0,0.0
GCA_002067825.1,1.0,0.0,0.0,0.0,0.0,0.0,0.0,0.0,0.0,1.0,1,2.0,0.0,0.0,0.0,0.0,0.0,0.0,0.0,0.0,0.0,0.0,0.0,0.0,0.0,1.0,0.0
GCA_002067865.1,2.0,2.0,1.0,1.0,0.0,0.0,0.0,0.0,0.0,1.0,1,1.0,0.0,0.0,0.0,0.0,0.0,0.0,0.0,0.0,0.0,0.0,0.0,0.0,0.0,0.0,0.0
GCA_002067895.1,1.0,0.0,1.0,1.0,0.0,0.0,0.0,0.0,0.0,1.0,1,0.0,0.0,0.0,1.0,0.0,0.0,0.0,0.0,0.0,0.0,0.0,0.0,0.0,0.0,0.0,0.0
GCA_002068015.1,1.0,0.0,0.0,0.0,0.0,0.0,0.0,0.0,0.0,1.0,1,1.0,0.0,0.0,0.0,0.0,0.0,0.0,0.0,0.0,0.0,0.0,0.0,0.0,0.0,1.0,0.0
GCA_002093115.1,1.0,0.0,0.0,0.0,1.0,1.0,0.0,0.0,0.0,1.0,1,1.0,1.0,1.0,1.0,0.0,0.0,0.0,0.0,0.0,0.0,0.0,0.0,0.0,0.0,1.0,1.0
GCA_002117975.1,1.0,0.0,0.0,0.0,1.0,1.0,0.0,0.0,0.0,1.0,1,2.0,1.0,1.0,1.0,0.0,0.0,0.0,0.0,0.0,0.0,0.0,0.0,0.0,0.0,1.0,0.0
GCA_002196705.1,0.0,3.0,1.0,1.0,0.0,0.0,1.0,1.0,0.0,1.0,1,1.0,1.0,1.0,2.0,0.0,0.0,0.0,0.0,0.0,0.0,0.0,0.0,0.0,1.0,1.0,1.0
GCA_002196785.1,0.0,3.0,1.0,1.0,0.0,0.0,1.0,1.0,0.0,1.0,1,1.0,1.0,1.0,1.0,0.0,0.0,0.0,0.0,0.0,0.0,0.0,0.0,0.0,1.0,1.0,1.0
GCA_002202365.1,0.0,2.0,0.0,0.0,0.0,0.0,0.0,0.0,0.0,1.0,2,2.0,0.0,0.0,1.0,0.0,0.0,0.0,0.0,0.0,0.0,0.0,0.0,0.0,0.0,1.0,0.0
GCA_002243045.1,1.0,1.0,1.0,1.0,0.0,0.0,0.0,0.0,0.0,1.0,1,1.0,1.0,1.0,3.0,0.0,0.0,0.0,0.0,0.0,0.0,0.0,0.0,0.0,1.0,1.0,0.0
GCA_002287215.1,0.0,0.0,0.0,0.0,0.0,0.0,0.0,0.0,0.0,0.0,1,0.0,0.0,0.0,1.0,0.0,0.0,0.0,0.0,0.0,0.0,0.0,0.0,0.0,0.0,0.0,0.0
GCA_002298125.1,0.0,0.0,0.0,0.0,0.0,0.0,0.0,0.0,0.0,0.0,1,0.0,0.0,0.0,0.0,0.0,0.0,0.0,0.0,0.0,0.0,0.0,0.0,0.0,0.0,1.0,0.0
GCA_002298165.1,0.0,1.0,0.0,0.0,0.0,0.0,0.0,0.0,0.0,1.0,1,2.0,1.0,1.0,1.0,0.0,0.0,0.0,1.0,0.0,0.0,0.0,0.0,0.0,0.0,3.0,0.0
GCA_002298925.1,1.0,1.0,0.0,0.0,1.0,1.0,0.0,0.0,0.0,1.0,1,2.0,1.0,1.0,3.0,0.0,0.0,0.0,0.0,0.0,0.0,0.0,0.0,0.0,0.0,1.0,0.0
GCA_002298995.1,1.0,2.0,1.0,1.0,0.0,0.0,0.0,0.0,0.0,1.0,1,2.0,0.0,0.0,0.0,0.0,0.0,0.0,1.0,0.0,0.0,0.0,0.0,0.0,0.0,3.0,0.0
GCA_002304995.1,1.0,0.0,0.0,0.0,0.0,0.0,1.0,1.0,1.0,0.0,1,2.0,0.0,0.0,0.0,0.0,0.0,0.0,0.0,0.0,0.0,0.0,0.0,0.0,0.0,1.0,0.0
GCA_002312915.1,0.0,0.0,0.0,0.0,0.0,0.0,0.0,0.0,0.0,1.0,1,1.0,0.0,0.0,1.0,0.0,0.0,0.0,0.0,0.0,0.0,0.0,0.0,0.0,0.0,1.0,0.0
GCA_002319915.1,1.0,0.0,0.0,0.0,0.0,0.0,0.0,0.0,0.0,1.0,1,2.0,0.0,0.0,0.0,0.0,0.0,0.0,0.0,0.0,0.0,0.0,0.0,0.0,0.0,0.0,1.0
GCA_002327985.1,1.0,0.0,1.0,0.0,1.0,1.0,0.0,0.0,0.0,1.0,1,3.0,0.0,0.0,0.0,0.0,0.0,0.0,0.0,0.0,0.0,0.0,0.0,0.0,0.0,3.0,0.0
GCA_002328165.1,0.0,2.0,1.0,1.0,0.0,0.0,1.0,1.0,0.0,1.0,1,1.0,0.0,0.0,0.0,0.0,0.0,1.0,1.0,0.0,0.0,0.0,0.0,0.0,1.0,2.0,0.0
GCA_002329025.1,0.0,2.0,1.0,1.0,0.0,0.0,1.0,1.0,0.0,1.0,1,1.0,0.0,0.0,0.0,0.0,0.0,1.0,1.0,0.0,0.0,0.0,0.0,0.0,1.0,2.0,0.0
GCA_002340985.1,0.0,0.0,0.0,0.0,0.0,0.0,0.0,0.0,0.0,0.0,1,1.0,0.0,0.0,0.0,0.0,0.0,0.0,0.0,0.0,0.0,0.0,0.0,0.0,0.0,1.0,0.0
GCA_002345925.1,0.0,0.0,0.0,0.0,0.0,0.0,0.0,0.0,0.0,1.0,1,1.0,0.0,0.0,0.0,0.0,0.0,0.0,0.0,0.0,0.0,0.0,0.0,0.0,0.0,0.0,0.0
GCA_002347365.1,0.0,0.0,0.0,0.0,0.0,0.0,0.0,0.0,0.0,1.0,1,1.0,0.0,0.0,0.0,0.0,0.0,0.0,0.0,0.0,0.0,0.0,0.0,0.0,0.0,0.0,0.0
GCA_002347685.1,1.0,0.0,0.0,0.0,0.0,0.0,1.0,1.0,1.0,1.0,1,1.0,0.0,0.0,0.0,0.0,0.0,0.0,0.0,0.0,0.0,0.0,0.0,0.0,0.0,2.0,0.0
GCA_002347745.1,1.0,2.0,1.0,1.0,0.0,0.0,1.0,1.0,1.0,1.0,1,3.0,1.0,1.0,1.0,0.0,0.0,0.0,0.0,0.0,0.0,0.0,0.0,0.0,0.0,1.0,1.0
GCA_002347815.1,1.0,1.0,1.0,1.0,0.0,0.0,1.0,1.0,1.0,1.0,1,1.0,0.0,0.0,0.0,0.0,0.0,0.0,0.0,0.0,0.0,0.0,0.0,0.0,0.0,1.0,0.0
GCA_002367115.1,0.0,1.0,0.0,0.0,0.0,0.0,0.0,0.0,0.0,0.0,1,0.0,0.0,0.0,0.0,0.0,0.0,0.0,0.0,0.0,0.0,0.0,0.0,0.0,0.0,1.0,0.0
GCA_002375855.1,0.0,2.0,0.0,0.0,0.0,0.0,0.0,0.0,0.0,1.0,1,1.0,0.0,0.0,2.0,0.0,0.0,0.0,0.0,0.0,0.0,0.0,0.0,0.0,0.0,1.0,0.0
GCA_002381185.1,0.0,1.0,0.0,0.0,0.0,0.0,0.0,0.0,0.0,0.0,1,1.0,0.0,0.0,1.0,0.0,0.0,0.0,0.0,0.0,0.0,0.0,0.0,0.0,0.0,1.0,0.0
GCA_002381895.1,1.0,0.0,0.0,0.0,0.0,0.0,0.0,0.0,0.0,1.0,1,2.0,0.0,1.0,0.0,0.0,0.0,0.0,0.0,0.0,0.0,0.0,0.0,0.0,0.0,1.0,0.0
GCA_002381965.1,1.0,1.0,0.0,1.0,0.0,0.0,1.0,1.0,1.0,1.0,1,1.0,0.0,0.0,0.0,0.0,0.0,0.0,0.0,0.0,0.0,0.0,0.0,0.0,0.0,1.0,0.0
GCA_002382045.1,0.0,0.0,0.0,0.0,0.0,0.0,1.0,1.0,1.0,0.0,1,2.0,0.0,0.0,0.0,0.0,0.0,0.0,0.0,0.0,0.0,0.0,0.0,0.0,0.0,1.0,0.0
GCA_002382135.1,0.0,0.0,0.0,0.0,0.0,0.0,0.0,0.0,0.0,1.0,1,1.0,0.0,0.0,0.0,0.0,0.0,0.0,0.0,0.0,0.0,0.0,0.0,0.0,0.0,1.0,0.0
GCA_002382705.1,1.0,0.0,0.0,0.0,0.0,0.0,0.0,0.0,0.0,1.0,1,1.0,0.0,0.0,0.0,0.0,0.0,0.0,0.0,0.0,0.0,0.0,0.0,0.0,0.0,1.0,1.0
GCA_002382785.1,0.0,1.0,1.0,1.0,0.0,0.0,0.0,0.0,0.0,0.0,1,2.0,1.0,1.0,1.0,0.0,0.0,0.0,0.0,0.0,0.0,0.0,0.0,0.0,0.0,2.0,0.0
GCA_002386685.1,0.0,1.0,0.0,0.0,0.0,0.0,0.0,0.0,0.0,0.0,1,1.0,0.0,0.0,1.0,0.0,0.0,0.0,0.0,0.0,0.0,0.0,0.0,0.0,0.0,1.0,0.0
GCA_002387895.1,0.0,1.0,0.0,0.0,0.0,0.0,0.0,0.0,0.0,0.0,1,0.0,0.0,0.0,0.0,0.0,0.0,0.0,0.0,0.0,0.0,0.0,0.0,0.0,0.0,1.0,0.0
GCA_002396925.1,0.0,0.0,0.0,0.0,0.0,0.0,0.0,0.0,0.0,0.0,1,1.0,0.0,0.0,1.0,0.0,0.0,0.0,0.0,0.0,0.0,0.0,0.0,0.0,0.0,1.0,0.0
GCA_002397225.1,0.0,1.0,0.0,0.0,0.0,0.0,0.0,0.0,0.0,0.0,1,1.0,0.0,0.0,1.0,0.0,0.0,0.0,0.0,0.0,0.0,0.0,0.0,0.0,0.0,1.0,0.0
GCA_002397955.1,0.0,0.0,0.0,0.0,0.0,0.0,0.0,0.0,0.0,0.0,1,1.0,0.0,0.0,0.0,0.0,0.0,0.0,0.0,0.0,0.0,0.0,0.0,0.0,0.0,0.0,0.0
GCA_002398105.1,0.0,1.0,0.0,0.0,0.0,0.0,0.0,0.0,0.0,0.0,1,2.0,0.0,0.0,1.0,0.0,0.0,0.0,0.0,0.0,0.0,0.0,0.0,0.0,0.0,1.0,0.0
GCA_002399145.1,0.0,0.0,0.0,0.0,0.0,0.0,0.0,0.0,0.0,0.0,1,1.0,0.0,0.0,1.0,0.0,0.0,0.0,0.0,0.0,0.0,0.0,0.0,0.0,0.0,0.0,0.0
GCA_002400005.1,0.0,1.0,0.0,0.0,0.0,0.0,0.0,0.0,0.0,0.0,1,2.0,0.0,0.0,1.0,0.0,0.0,0.0,0.0,0.0,0.0,0.0,0.0,0.0,0.0,1.0,0.0
GCA_002402945.1,0.0,0.0,0.0,0.0,0.0,0.0,0.0,0.0,0.0,0.0,1,1.0,1.0,1.0,1.0,0.0,0.0,0.0,0.0,0.0,0.0,0.0,0.0,0.0,0.0,2.0,0.0
GCA_002403815.1,0.0,4.0,2.0,2.0,0.0,0.0,1.0,1.0,0.0,0.0,1,1.0,1.0,1.0,3.0,0.0,0.0,0.0,0.0,0.0,0.0,0.0,0.0,0.0,0.0,1.0,2.0
GCA_002408285.1,0.0,0.0,0.0,0.0,0.0,0.0,0.0,0.0,0.0,1.0,1,1.0,0.0,0.0,0.0,0.0,0.0,0.0,0.0,0.0,0.0,0.0,0.0,0.0,0.0,1.0,0.0
GCA_002408305.1,0.0,1.0,0.0,0.0,0.0,0.0,0.0,0.0,0.0,0.0,1,1.0,0.0,0.0,1.0,0.0,0.0,0.0,0.0,0.0,0.0,0.0,0.0,0.0,0.0,1.0,0.0
GCA_002408935.1,0.0,0.0,0.0,0.0,0.0,0.0,0.0,0.0,0.0,0.0,1,1.0,0.0,0.0,1.0,0.0,0.0,0.0,0.0,0.0,0.0,0.0,0.0,0.0,0.0,1.0,0.0
GCA_002409825.1,0.0,0.0,0.0,0.0,0.0,0.0,0.0,0.0,0.0,0.0,1,1.0,0.0,0.0,1.0,0.0,0.0,0.0,0.0,0.0,0.0,0.0,0.0,0.0,0.0,1.0,0.0
GCA_002410325.1,0.0,1.0,0.0,0.0,0.0,0.0,0.0,0.0,0.0,1.0,1,2.0,1.0,1.0,5.0,0.0,0.0,0.0,0.0,0.0,0.0,0.0,0.0,0.0,0.0,1.0,0.0
GCA_002411325.1,0.0,1.0,0.0,0.0,0.0,0.0,0.0,0.0,0.0,0.0,1,2.0,0.0,0.0,1.0,0.0,0.0,0.0,0.0,0.0,0.0,0.0,0.0,0.0,0.0,1.0,0.0
GCA_002412435.1,0.0,1.0,0.0,0.0,0.0,0.0,0.0,0.0,0.0,0.0,1,2.0,0.0,0.0,1.0,0.0,0.0,0.0,0.0,0.0,0.0,0.0,0.0,0.0,0.0,1.0,0.0
GCA_002412715.1,1.0,1.0,1.0,1.0,0.0,0.0,0.0,0.0,0.0,1.0,1,2.0,0.0,0.0,0.0,0.0,0.0,0.0,0.0,0.0,0.0,0.0,0.0,0.0,0.0,3.0,0.0
GCA_002412825.1,2.0,0.0,0.0,0.0,0.0,0.0,0.0,0.0,0.0,1.0,1,1.0,0.0,0.0,0.0,0.0,0.0,0.0,0.0,0.0,0.0,0.0,0.0,0.0,0.0,0.0,0.0
GCA_002412965.1,1.0,1.0,0.0,0.0,1.0,1.0,1.0,1.0,1.0,1.0,1,2.0,1.0,1.0,1.0,0.0,0.0,0.0,1.0,0.0,0.0,0.0,0.0,0.0,0.0,0.0,1.0
GCA_002414225.1,1.0,2.0,1.0,1.0,0.0,0.0,1.0,0.0,1.0,1.0,1,4.0,1.0,1.0,1.0,0.0,0.0,0.0,1.0,0.0,0.0,0.0,0.0,0.0,0.0,2.0,2.0
GCA_002415855.1,0.0,0.0,0.0,0.0,1.0,1.0,0.0,0.0,0.0,1.0,1,1.0,0.0,0.0,0.0,0.0,0.0,0.0,0.0,0.0,0.0,0.0,0.0,0.0,0.0,0.0,1.0
GCA_002418185.1,1.0,0.0,0.0,0.0,0.0,1.0,0.0,0.0,0.0,1.0,1,1.0,0.0,0.0,0.0,0.0,0.0,0.0,1.0,0.0,0.0,0.0,0.0,0.0,0.0,1.0,0.0
GCA_002418985.1,1.0,1.0,1.0,1.0,0.0,0.0,0.0,0.0,0.0,1.0,1,2.0,0.0,0.0,0.0,0.0,0.0,0.0,0.0,0.0,0.0,0.0,0.0,0.0,0.0,2.0,0.0
GCA_002420525.1,0.0,2.0,1.0,1.0,0.0,0.0,1.0,1.0,0.0,1.0,1,1.0,0.0,0.0,0.0,0.0,0.0,1.0,1.0,0.0,0.0,0.0,0.0,0.0,1.0,2.0,0.0
GCA_002422465.1,0.0,0.0,0.0,0.0,0.0,0.0,0.0,0.0,0.0,1.0,1,1.0,0.0,0.0,0.0,0.0,0.0,0.0,0.0,0.0,0.0,0.0,0.0,0.0,0.0,1.0,0.0
GCA_002423615.1,0.0,1.0,0.0,0.0,0.0,0.0,2.0,1.0,1.0,1.0,1,6.0,0.0,0.0,0.0,0.0,0.0,0.0,1.0,0.0,0.0,0.0,0.0,0.0,0.0,2.0,0.0
GCA_002423765.1,0.0,1.0,0.0,0.0,0.0,0.0,0.0,0.0,0.0,0.0,1,1.0,0.0,0.0,1.0,0.0,0.0,0.0,0.0,0.0,0.0,0.0,0.0,0.0,0.0,1.0,0.0
GCA_002424125.1,0.0,1.0,0.0,0.0,0.0,0.0,0.0,0.0,0.0,0.0,1,1.0,0.0,0.0,1.0,0.0,0.0,0.0,0.0,0.0,0.0,0.0,0.0,0.0,0.0,1.0,0.0
GCA_002426245.1,0.0,1.0,0.0,0.0,0.0,0.0,0.0,0.0,0.0,0.0,1,1.0,0.0,0.0,1.0,0.0,0.0,0.0,0.0,0.0,0.0,0.0,0.0,0.0,0.0,1.0,0.0
GCA_002426625.1,0.0,1.0,0.0,0.0,0.0,0.0,0.0,0.0,0.0,0.0,1,2.0,0.0,0.0,1.0,0.0,0.0,0.0,0.0,0.0,0.0,0.0,0.0,0.0,0.0,1.0,0.0
GCA_002428495.1,0.0,0.0,0.0,0.0,0.0,0.0,0.0,0.0,0.0,0.0,1,1.0,0.0,0.0,0.0,0.0,0.0,0.0,0.0,0.0,0.0,0.0,0.0,0.0,0.0,0.0,0.0
GCA_002428705.1,1.0,0.0,0.0,0.0,0.0,0.0,1.0,1.0,1.0,1.0,1,1.0,1.0,1.0,1.0,0.0,0.0,0.0,1.0,0.0,0.0,0.0,0.0,0.0,0.0,0.0,2.0
GCA_002448235.1,0.0,1.0,1.0,1.0,0.0,0.0,0.0,0.0,0.0,1.0,1,1.0,0.0,0.0,0.0,0.0,0.0,0.0,0.0,0.0,0.0,0.0,0.0,0.0,0.0,0.0,0.0
GCA_002448905.1,1.0,1.0,1.0,1.0,0.0,0.0,1.0,0.0,1.0,1.0,1,4.0,1.0,1.0,1.0,0.0,0.0,0.0,0.0,0.0,0.0,0.0,0.0,0.0,0.0,2.0,2.0
GCA_002452125.1,0.0,0.0,0.0,0.0,0.0,0.0,0.0,0.0,0.0,0.0,1,1.0,0.0,0.0,0.0,0.0,0.0,0.0,0.0,0.0,0.0,0.0,0.0,0.0,0.0,1.0,0.0
GCA_002494705.1,1.0,1.0,1.0,1.0,0.0,0.0,0.0,0.0,0.0,1.0,1,1.0,0.0,0.0,1.0,0.0,0.0,0.0,0.0,0.0,0.0,0.0,0.0,0.0,0.0,0.0,0.0
GCA_002495055.1,1.0,1.0,1.0,1.0,0.0,0.0,0.0,0.0,0.0,1.0,1,0.0,0.0,0.0,0.0,0.0,0.0,0.0,0.0,0.0,0.0,0.0,0.0,0.0,0.0,1.0,0.0
GCA_002495585.1,1.0,1.0,1.0,1.0,0.0,0.0,0.0,0.0,0.0,1.0,1,1.0,0.0,0.0,1.0,0.0,0.0,0.0,0.0,0.0,0.0,0.0,0.0,0.0,0.0,0.0,0.0
GCA_002496345.1,1.0,1.0,1.0,1.0,0.0,0.0,0.0,0.0,0.0,1.0,1,1.0,0.0,0.0,1.0,0.0,0.0,0.0,0.0,0.0,0.0,0.0,0.0,0.0,0.0,0.0,0.0
GCA_002496855.1,0.0,1.0,1.0,0.0,0.0,0.0,0.0,0.0,0.0,1.0,1,0.0,0.0,0.0,2.0,0.0,0.0,0.0,0.0,0.0,0.0,0.0,0.0,0.0,0.0,1.0,0.0
GCA_002497995.1,1.0,1.0,1.0,1.0,0.0,0.0,0.0,0.0,0.0,1.0,1,1.0,0.0,0.0,1.0,0.0,0.0,0.0,0.0,0.0,0.0,0.0,0.0,0.0,0.0,0.0,0.0
GCA_002498375.1,0.0,0.0,0.0,0.0,0.0,0.0,0.0,0.0,0.0,0.0,1,0.0,0.0,0.0,1.0,0.0,0.0,0.0,0.0,0.0,0.0,0.0,0.0,0.0,0.0,0.0,0.0
GCA_002498705.1,0.0,0.0,0.0,0.0,0.0,0.0,0.0,0.0,0.0,0.0,1,0.0,0.0,0.0,1.0,0.0,0.0,0.0,0.0,0.0,0.0,0.0,0.0,0.0,0.0,0.0,0.0
GCA_002498825.1,0.0,1.0,1.0,0.0,0.0,0.0,0.0,0.0,0.0,1.0,1,0.0,0.0,0.0,2.0,0.0,0.0,0.0,0.0,0.0,0.0,0.0,0.0,0.0,0.0,1.0,0.0
GCA_002499025.1,0.0,1.0,1.0,1.0,0.0,0.0,0.0,0.0,0.0,1.0,1,0.0,0.0,0.0,1.0,0.0,0.0,0.0,0.0,0.0,0.0,0.0,0.0,0.0,0.0,1.0,0.0
GCA_002499825.1,0.0,1.0,1.0,0.0,0.0,0.0,0.0,0.0,0.0,1.0,1,0.0,0.0,0.0,1.0,0.0,0.0,0.0,0.0,0.0,0.0,0.0,0.0,0.0,0.0,1.0,0.0
GCA_002499905.1,1.0,0.0,1.0,1.0,0.0,0.0,0.0,0.0,0.0,1.0,1,0.0,0.0,0.0,1.0,0.0,0.0,0.0,0.0,0.0,0.0,0.0,0.0,0.0,0.0,1.0,0.0
GCA_002502735.1,0.0,1.0,1.0,1.0,0.0,0.0,0.0,0.0,0.0,1.0,1,0.0,1.0,1.0,2.0,0.0,0.0,0.0,0.0,0.0,0.0,0.0,0.0,0.0,0.0,0.0,0.0
GCA_002502975.1,0.0,1.0,1.0,0.0,0.0,0.0,0.0,0.0,0.0,1.0,1,0.0,0.0,0.0,2.0,0.0,0.0,0.0,0.0,0.0,0.0,0.0,0.0,0.0,0.0,1.0,0.0
GCA_002503825.1,0.0,1.0,1.0,0.0,0.0,0.0,0.0,0.0,0.0,1.0,1,0.0,0.0,0.0,2.0,0.0,0.0,0.0,0.0,0.0,0.0,0.0,0.0,0.0,0.0,0.0,0.0
GCA_002504525.1,0.0,1.0,1.0,1.0,0.0,0.0,0.0,0.0,0.0,1.0,1,1.0,0.0,0.0,1.0,0.0,0.0,0.0,0.0,0.0,0.0,0.0,0.0,0.0,0.0,0.0,0.0
GCA_002505225.1,0.0,1.0,1.0,1.0,0.0,0.0,0.0,0.0,0.0,1.0,1,1.0,0.0,0.0,1.0,0.0,0.0,0.0,0.0,0.0,0.0,0.0,0.0,0.0,0.0,0.0,0.0
GCA_002506085.1,0.0,0.0,0.0,0.0,0.0,0.0,0.0,0.0,0.0,0.0,1,0.0,0.0,0.0,1.0,0.0,0.0,0.0,0.0,0.0,0.0,0.0,0.0,0.0,0.0,0.0,0.0
GCA_002506105.1,0.0,1.0,0.0,0.0,0.0,0.0,0.0,0.0,0.0,1.0,1,0.0,0.0,0.0,2.0,0.0,0.0,0.0,0.0,0.0,0.0,0.0,0.0,0.0,0.0,1.0,0.0
GCA_002506785.1,1.0,1.0,1.0,1.0,0.0,0.0,0.0,0.0,0.0,1.0,1,0.0,0.0,0.0,1.0,0.0,0.0,0.0,0.0,0.0,0.0,0.0,0.0,0.0,0.0,1.0,0.0
GCA_002508425.1,0.0,1.0,1.0,1.0,0.0,0.0,0.0,0.0,0.0,0.0,1,1.0,1.0,1.0,2.0,0.0,0.0,0.0,0.0,0.0,0.0,0.0,0.0,0.0,0.0,1.0,0.0
GCA_002508545.1,1.0,0.0,1.0,1.0,0.0,0.0,0.0,0.0,0.0,1.0,1,1.0,0.0,0.0,1.0,0.0,0.0,0.0,0.0,0.0,0.0,0.0,0.0,0.0,0.0,0.0,0.0
GCA_002509495.1,1.0,0.0,1.0,1.0,0.0,0.0,0.0,0.0,0.0,0.0,1,0.0,0.0,0.0,2.0,0.0,0.0,0.0,0.0,0.0,0.0,0.0,0.0,0.0,0.0,0.0,0.0
GCA_002509505.1,0.0,1.0,1.0,0.0,0.0,0.0,0.0,0.0,0.0,1.0,1,0.0,0.0,0.0,2.0,0.0,0.0,0.0,0.0,0.0,0.0,0.0,0.0,0.0,0.0,1.0,0.0
GCA_002733995.1,0.0,3.0,1.0,1.0,0.0,1.0,1.0,1.0,1.0,1.0,1,3.0,1.0,1.0,1.0,0.0,0.0,0.0,2.0,0.0,0.0,0.0,0.0,0.0,0.0,1.0,2.0
GCA_002753225.1,1.0,1.0,1.0,1.0,0.0,0.0,0.0,0.0,0.0,1.0,1,5.0,0.0,0.0,0.0,0.0,0.0,0.0,1.0,0.0,0.0,0.0,0.0,0.0,0.0,2.0,0.0
GCA_002753335.1,0.0,1.0,1.0,1.0,0.0,0.0,1.0,1.0,0.0,1.0,1,1.0,0.0,0.0,0.0,0.0,0.0,0.0,1.0,0.0,0.0,0.0,0.0,0.0,0.0,0.0,0.0
GCA_002753435.1,1.0,2.0,1.0,1.0,0.0,1.0,1.0,1.0,0.0,1.0,1,1.0,0.0,0.0,0.0,0.0,0.0,0.0,1.0,0.0,0.0,0.0,0.0,0.0,1.0,0.0,1.0
GCA_002771505.1,0.0,1.0,1.0,1.0,0.0,0.0,1.0,1.0,0.0,1.0,1,0.0,0.0,0.0,0.0,0.0,0.0,0.0,1.0,0.0,0.0,0.0,0.0,0.0,0.0,1.0,0.0
GCA_002779785.1,0.0,3.0,1.0,1.0,0.0,0.0,1.0,1.0,1.0,1.0,1,5.0,0.0,0.0,0.0,0.0,0.0,0.0,1.0,0.0,0.0,0.0,0.0,0.0,0.0,1.0,0.0
GCA_002779905.1,1.0,1.0,1.0,1.0,0.0,0.0,1.0,1.0,1.0,1.0,1,3.0,0.0,0.0,0.0,0.0,0.0,0.0,0.0,0.0,0.0,0.0,0.0,0.0,0.0,1.0,0.0
GCA_002780905.1,0.0,2.0,1.0,1.0,0.0,0.0,1.0,1.0,0.0,1.0,1,1.0,0.0,0.0,0.0,0.0,0.0,0.0,1.0,0.0,0.0,0.0,0.0,0.0,0.0,1.0,0.0
GCA_002781315.1,0.0,0.0,0.0,0.0,0.0,0.0,0.0,0.0,0.0,1.0,1,1.0,0.0,0.0,0.0,0.0,0.0,0.0,0.0,0.0,0.0,0.0,0.0,0.0,0.0,0.0,2.0
GCA_002781345.1,0.0,2.0,1.0,1.0,0.0,0.0,1.0,1.0,0.0,1.0,1,1.0,0.0,0.0,0.0,0.0,0.0,0.0,1.0,0.0,0.0,0.0,0.0,0.0,0.0,1.0,0.0
GCA_002781445.1,1.0,1.0,1.0,1.0,0.0,0.0,2.0,2.0,0.0,0.0,1,1.0,0.0,0.0,0.0,0.0,0.0,0.0,1.0,0.0,0.0,0.0,0.0,0.0,1.0,0.0,1.0
GCA_002782185.1,0.0,2.0,1.0,1.0,0.0,0.0,1.0,1.0,0.0,1.0,1,1.0,0.0,0.0,0.0,0.0,0.0,0.0,0.0,0.0,0.0,0.0,0.0,0.0,0.0,1.0,0.0
GCA_002783085.1,0.0,2.0,1.0,1.0,0.0,0.0,1.0,1.0,0.0,1.0,1,1.0,0.0,0.0,0.0,0.0,0.0,0.0,0.0,0.0,0.0,0.0,0.0,0.0,0.0,1.0,0.0
GCA_002783705.1,0.0,2.0,1.0,1.0,0.0,0.0,1.0,1.0,1.0,1.0,1,4.0,0.0,0.0,0.0,0.0,0.0,0.0,1.0,0.0,0.0,0.0,0.0,0.0,0.0,1.0,0.0
GCA_002784205.1,1.0,2.0,1.0,1.0,0.0,0.0,1.0,1.0,1.0,1.0,1,4.0,0.0,0.0,0.0,0.0,0.0,0.0,0.0,0.0,0.0,0.0,0.0,0.0,0.0,0.0,0.0
GCA_002789985.1,0.0,1.0,0.0,0.0,1.0,1.0,0.0,0.0,0.0,1.0,1,2.0,0.0,0.0,0.0,0.0,0.0,0.0,0.0,0.0,0.0,0.0,0.0,0.0,0.0,1.0,0.0
GCA_002790755.1,0.0,2.0,1.0,1.0,0.0,0.0,1.0,1.0,0.0,1.0,1,1.0,0.0,0.0,0.0,0.0,0.0,0.0,0.0,0.0,0.0,0.0,0.0,0.0,0.0,1.0,0.0
GCA_002798115.1,1.0,3.0,1.0,1.0,0.0,0.0,1.0,1.0,1.0,1.0,1,7.0,2.0,1.0,0.0,0.0,0.0,0.0,2.0,0.0,0.0,0.0,0.0,0.0,0.0,1.0,0.0
GCA_002835825.1,2.0,0.0,2.0,2.0,0.0,0.0,0.0,0.0,0.0,1.0,1,0.0,1.0,1.0,3.0,0.0,0.0,0.0,0.0,0.0,0.0,0.0,0.0,0.0,0.0,1.0,0.0
GCA_002839185.1,0.0,0.0,0.0,0.0,0.0,0.0,0.0,0.0,0.0,0.0,1,1.0,0.0,0.0,0.0,0.0,0.0,0.0,0.0,0.0,0.0,0.0,0.0,0.0,0.0,0.0,0.0
GCA_002839285.1,0.0,0.0,0.0,0.0,0.0,0.0,0.0,0.0,0.0,1.0,1,2.0,0.0,0.0,0.0,0.0,0.0,0.0,0.0,0.0,0.0,0.0,0.0,0.0,0.0,2.0,1.0
GCA_002839375.1,1.0,0.0,0.0,0.0,0.0,0.0,0.0,0.0,0.0,1.0,1,2.0,0.0,0.0,0.0,0.0,0.0,0.0,0.0,0.0,0.0,0.0,0.0,0.0,0.0,1.0,1.0
GCA_002839545.1,0.0,3.0,1.0,1.0,0.0,0.0,0.0,0.0,0.0,1.0,1,1.0,0.0,0.0,1.0,0.0,0.0,0.0,1.0,0.0,0.0,0.0,0.0,0.0,0.0,0.0,0.0
GCA_002839605.1,1.0,0.0,2.0,2.0,0.0,0.0,0.0,0.0,0.0,1.0,1,0.0,0.0,0.0,1.0,0.0,0.0,0.0,0.0,0.0,0.0,0.0,0.0,0.0,0.0,1.0,0.0
GCA_002839675.1,1.0,1.0,2.0,2.0,0.0,0.0,0.0,0.0,0.0,1.0,1,0.0,1.0,0.0,2.0,0.0,0.0,0.0,1.0,0.0,0.0,0.0,0.0,0.0,0.0,0.0,0.0
GCA_002840355.1,0.0,0.0,0.0,0.0,0.0,0.0,0.0,0.0,0.0,0.0,1,1.0,0.0,0.0,0.0,0.0,0.0,0.0,0.0,0.0,0.0,0.0,0.0,0.0,0.0,1.0,0.0
GCA_002840435.1,1.0,0.0,0.0,0.0,0.0,0.0,1.0,1.0,1.0,1.0,1,1.0,0.0,0.0,0.0,0.0,0.0,0.0,0.0,0.0,0.0,0.0,0.0,0.0,0.0,1.0,0.0
GCA_002840505.1,0.0,0.0,0.0,0.0,0.0,0.0,0.0,0.0,0.0,1.0,1,1.0,0.0,0.0,0.0,0.0,0.0,0.0,0.0,0.0,0.0,0.0,0.0,0.0,1.0,1.0,0.0
GCA_002840535.1,1.0,2.0,1.0,1.0,0.0,0.0,1.0,1.0,1.0,1.0,1,9.0,0.0,0.0,0.0,0.0,0.0,0.0,1.0,0.0,0.0,0.0,0.0,0.0,1.0,2.0,3.0
GCA_002840555.1,0.0,0.0,0.0,0.0,0.0,0.0,1.0,1.0,1.0,1.0,1,1.0,0.0,0.0,0.0,0.0,0.0,0.0,0.0,0.0,0.0,0.0,0.0,0.0,0.0,1.0,0.0
GCA_002840565.1,1.0,0.0,0.0,0.0,0.0,0.0,1.0,1.0,1.0,1.0,1,2.0,0.0,0.0,0.0,0.0,0.0,0.0,0.0,0.0,0.0,0.0,0.0,0.0,0.0,1.0,0.0
GCA_002841275.1,0.0,1.0,1.0,1.0,0.0,0.0,0.0,0.0,0.0,2.0,1,2.0,0.0,0.0,0.0,0.0,0.0,0.0,0.0,0.0,0.0,0.0,0.0,0.0,0.0,0.0,0.0
GCA_002841295.1,0.0,0.0,0.0,0.0,0.0,0.0,0.0,0.0,0.0,1.0,1,1.0,0.0,0.0,0.0,0.0,0.0,0.0,0.0,0.0,0.0,0.0,0.0,0.0,0.0,0.0,0.0
GCA_002841355.1,0.0,0.0,0.0,0.0,0.0,0.0,0.0,0.0,0.0,1.0,1,1.0,1.0,1.0,1.0,0.0,0.0,0.0,0.0,0.0,0.0,0.0,0.0,0.0,0.0,0.0,0.0
GCA_002841395.1,0.0,0.0,0.0,0.0,0.0,0.0,0.0,0.0,0.0,0.0,1,1.0,0.0,0.0,0.0,0.0,0.0,0.0,0.0,0.0,0.0,0.0,0.0,0.0,0.0,1.0,0.0
GCA_002841765.1,1.0,0.0,0.0,0.0,0.0,0.0,0.0,0.0,0.0,1.0,1,2.0,1.0,1.0,1.0,0.0,0.0,0.0,0.0,0.0,0.0,0.0,0.0,0.0,0.0,1.0,0.0
GCA_002841885.1,1.0,1.0,0.0,0.0,1.0,1.0,1.0,1.0,1.0,1.0,1,2.0,1.0,1.0,1.0,0.0,0.0,0.0,1.0,0.0,0.0,0.0,0.0,0.0,0.0,0.0,2.0
GCA_002868845.1,0.0,0.0,0.0,0.0,1.0,1.0,0.0,0.0,0.0,1.0,1,2.0,1.0,1.0,1.0,0.0,0.0,0.0,0.0,0.0,0.0,0.0,0.0,0.0,0.0,1.0,0.0
GCA_002868865.1,0.0,0.0,0.0,0.0,1.0,1.0,0.0,0.0,0.0,1.0,1,2.0,1.0,1.0,0.0,0.0,0.0,0.0,0.0,0.0,0.0,0.0,0.0,0.0,0.0,1.0,0.0
GCA_002868905.1,0.0,0.0,0.0,0.0,1.0,1.0,0.0,0.0,0.0,1.0,1,2.0,1.0,1.0,1.0,0.0,0.0,0.0,0.0,0.0,0.0,0.0,0.0,0.0,0.0,1.0,0.0
GCA_002868925.1,1.0,0.0,0.0,0.0,0.0,1.0,0.0,0.0,0.0,1.0,1,2.0,1.0,1.0,1.0,0.0,0.0,0.0,0.0,0.0,0.0,0.0,0.0,0.0,0.0,2.0,0.0
GCA_002868945.1,1.0,2.0,1.0,1.0,0.0,0.0,1.0,1.0,1.0,1.0,1,3.0,1.0,1.0,1.0,0.0,0.0,0.0,1.0,0.0,0.0,0.0,0.0,0.0,0.0,1.0,2.0
GCA_002868955.1,1.0,2.0,1.0,1.0,0.0,0.0,1.0,0.0,1.0,1.0,1,5.0,0.0,0.0,0.0,0.0,0.0,0.0,1.0,0.0,0.0,0.0,0.0,0.0,0.0,2.0,0.0
GCA_002869005.1,1.0,0.0,1.0,0.0,0.0,0.0,0.0,0.0,0.0,0.0,1,0.0,1.0,0.0,1.0,0.0,0.0,0.0,0.0,0.0,0.0,0.0,0.0,0.0,0.0,1.0,0.0
GCA_002869015.1,1.0,0.0,1.0,0.0,0.0,0.0,0.0,0.0,0.0,0.0,1,1.0,1.0,1.0,1.0,0.0,0.0,0.0,0.0,0.0,0.0,0.0,0.0,0.0,0.0,0.0,0.0
GCA_002869605.1,0.0,0.0,0.0,0.0,1.0,1.0,0.0,0.0,0.0,1.0,1,2.0,1.0,1.0,1.0,0.0,0.0,0.0,0.0,0.0,0.0,0.0,0.0,0.0,0.0,2.0,0.0
GCA_002869615.1,0.0,0.0,0.0,0.0,1.0,1.0,0.0,0.0,0.0,1.0,1,1.0,1.0,1.0,1.0,0.0,0.0,0.0,0.0,0.0,0.0,0.0,0.0,0.0,0.0,1.0,0.0
GCA_002869695.1,0.0,0.0,0.0,0.0,1.0,1.0,0.0,0.0,0.0,1.0,1,1.0,1.0,1.0,1.0,0.0,0.0,0.0,0.0,0.0,0.0,0.0,0.0,0.0,0.0,2.0,0.0
GCA_002869725.1,2.0,0.0,0.0,0.0,1.0,1.0,0.0,0.0,0.0,1.0,1,2.0,2.0,1.0,2.0,0.0,0.0,0.0,0.0,0.0,0.0,0.0,0.0,0.0,0.0,1.0,0.0
GCA_002897615.1,1.0,2.0,1.0,1.0,0.0,0.0,1.0,1.0,1.0,1.0,1,3.0,1.0,1.0,1.0,0.0,0.0,0.0,2.0,0.0,0.0,1.0,0.0,1.0,0.0,1.0,1.0
GCA_002897855.1,1.0,1.0,1.0,0.0,0.0,0.0,0.0,0.0,0.0,1.0,1,2.0,0.0,0.0,0.0,0.0,0.0,0.0,0.0,0.0,0.0,1.0,0.0,1.0,0.0,1.0,0.0
GCA_002898515.1,1.0,0.0,0.0,0.0,1.0,1.0,0.0,0.0,0.0,1.0,1,1.0,1.0,1.0,1.0,0.0,0.0,0.0,0.0,0.0,0.0,0.0,0.0,0.0,0.0,1.0,1.0
GCA_002995785.1,0.0,0.0,0.0,0.0,0.0,0.0,0.0,0.0,0.0,0.0,1,0.0,0.0,0.0,0.0,0.0,0.0,0.0,0.0,0.0,0.0,0.0,0.0,0.0,0.0,1.0,0.0
GCA_003003035.1,1.0,0.0,0.0,0.0,0.0,0.0,0.0,0.0,0.0,1.0,1,1.0,0.0,0.0,0.0,0.0,0.0,0.0,0.0,0.0,0.0,0.0,0.0,0.0,0.0,0.0,0.0
GCA_003020045.1,0.0,0.0,0.0,0.0,0.0,0.0,0.0,0.0,0.0,1.0,1,1.0,1.0,1.0,2.0,0.0,0.0,0.0,0.0,0.0,0.0,0.0,0.0,0.0,0.0,0.0,0.0
GCA_003046795.1,1.0,1.0,0.0,0.0,0.0,0.0,1.0,1.0,1.0,1.0,1,1.0,1.0,1.0,1.0,0.0,0.0,0.0,1.0,0.0,0.0,0.0,0.0,0.0,2.0,0.0,2.0
GCA_003053505.1,0.0,0.0,0.0,0.0,0.0,0.0,0.0,0.0,0.0,1.0,1,2.0,1.0,1.0,1.0,0.0,0.0,0.0,0.0,0.0,0.0,0.0,0.0,0.0,0.0,2.0,0.0
GCA_003104905.1,0.0,3.0,1.0,1.0,0.0,0.0,0.0,0.0,0.0,1.0,1,1.0,0.0,0.0,2.0,0.0,0.0,0.0,1.0,0.0,0.0,0.0,0.0,0.0,0.0,0.0,0.0
GCA_003135935.1,0.0,1.0,1.0,1.0,0.0,0.0,0.0,0.0,0.0,1.0,1,1.0,0.0,0.0,0.0,0.0,0.0,0.0,0.0,0.0,0.0,0.0,0.0,0.0,0.0,0.0,0.0
GCA_003136075.1,3.0,1.0,1.0,1.0,0.0,0.0,0.0,0.0,0.0,1.0,1,0.0,0.0,0.0,1.0,0.0,0.0,0.0,0.0,0.0,0.0,0.0,0.0,0.0,0.0,0.0,0.0
GCA_003138315.1,0.0,0.0,0.0,0.0,0.0,0.0,0.0,0.0,0.0,1.0,1,2.0,1.0,1.0,0.0,0.0,0.0,0.0,0.0,0.0,0.0,0.0,0.0,0.0,0.0,1.0,0.0
GCA_003138675.1,0.0,0.0,0.0,0.0,0.0,0.0,0.0,0.0,0.0,1.0,1,2.0,1.0,1.0,1.0,0.0,0.0,0.0,0.0,0.0,0.0,0.0,0.0,0.0,0.0,1.0,0.0
GCA_003138835.1,0.0,0.0,0.0,0.0,0.0,0.0,0.0,0.0,0.0,1.0,1,2.0,1.0,1.0,1.0,0.0,0.0,0.0,0.0,0.0,0.0,0.0,0.0,0.0,0.0,1.0,0.0
GCA_003139105.1,0.0,0.0,0.0,0.0,0.0,0.0,0.0,0.0,0.0,1.0,1,2.0,1.0,1.0,1.0,0.0,0.0,0.0,0.0,0.0,0.0,0.0,0.0,0.0,0.0,1.0,0.0
GCA_003139775.1,0.0,0.0,0.0,0.0,0.0,0.0,0.0,0.0,0.0,1.0,1,2.0,1.0,1.0,1.0,0.0,0.0,0.0,0.0,0.0,0.0,0.0,0.0,0.0,0.0,1.0,0.0
GCA_003140615.1,0.0,0.0,0.0,0.0,0.0,0.0,0.0,0.0,0.0,1.0,1,2.0,1.0,1.0,1.0,0.0,0.0,0.0,0.0,0.0,0.0,0.0,0.0,0.0,0.0,1.0,0.0
GCA_003141275.1,0.0,0.0,0.0,0.0,0.0,0.0,0.0,0.0,0.0,1.0,1,3.0,0.0,0.0,0.0,0.0,0.0,0.0,0.0,0.0,0.0,0.0,0.0,0.0,0.0,0.0,0.0
GCA_003141415.1,1.0,0.0,0.0,0.0,1.0,1.0,0.0,0.0,0.0,1.0,1,2.0,0.0,0.0,0.0,0.0,0.0,0.0,0.0,0.0,0.0,0.0,0.0,0.0,0.0,0.0,2.0
GCA_003141495.1,1.0,0.0,0.0,0.0,1.0,1.0,0.0,0.0,0.0,0.0,1,3.0,0.0,0.0,0.0,0.0,0.0,0.0,0.0,0.0,0.0,0.0,0.0,0.0,0.0,0.0,0.0
GCA_003141525.1,1.0,0.0,0.0,0.0,1.0,1.0,0.0,0.0,0.0,1.0,1,3.0,0.0,0.0,0.0,0.0,0.0,0.0,0.0,0.0,0.0,0.0,0.0,0.0,1.0,0.0,1.0
GCA_003141575.1,1.0,0.0,0.0,0.0,2.0,3.0,0.0,0.0,0.0,1.0,1,3.0,0.0,0.0,0.0,0.0,0.0,0.0,0.0,0.0,0.0,0.0,0.0,0.0,0.0,0.0,1.0
GCA_003141595.1,1.0,0.0,0.0,0.0,0.0,0.0,0.0,0.0,0.0,1.0,1,1.0,0.0,0.0,0.0,0.0,0.0,0.0,0.0,0.0,0.0,0.0,0.0,0.0,0.0,0.0,1.0
GCA_003141715.1,1.0,0.0,0.0,0.0,0.0,0.0,0.0,0.0,0.0,1.0,1,2.0,0.0,0.0,0.0,0.0,0.0,0.0,0.0,0.0,0.0,0.0,0.0,0.0,0.0,0.0,1.0
GCA_003141755.1,1.0,0.0,0.0,0.0,0.0,1.0,0.0,0.0,0.0,1.0,1,4.0,0.0,0.0,0.0,0.0,0.0,0.0,0.0,0.0,0.0,0.0,0.0,0.0,1.0,0.0,1.0
GCA_003141895.1,1.0,0.0,0.0,0.0,0.0,0.0,0.0,0.0,0.0,1.0,1,2.0,0.0,0.0,0.0,0.0,0.0,0.0,0.0,0.0,0.0,0.0,0.0,0.0,1.0,0.0,0.0
GCA_003142255.1,1.0,0.0,0.0,0.0,0.0,0.0,0.0,0.0,0.0,1.0,1,2.0,0.0,0.0,0.0,0.0,0.0,0.0,0.0,0.0,0.0,0.0,0.0,0.0,0.0,0.0,1.0
GCA_003142295.1,1.0,1.0,1.0,1.0,0.0,0.0,1.0,0.0,1.0,1.0,1,1.0,0.0,0.0,0.0,0.0,0.0,0.0,0.0,0.0,0.0,0.0,0.0,0.0,0.0,1.0,0.0
GCA_003142475.1,1.0,0.0,0.0,0.0,0.0,0.0,0.0,0.0,0.0,1.0,1,2.0,0.0,0.0,0.0,0.0,0.0,0.0,0.0,0.0,0.0,0.0,0.0,0.0,0.0,0.0,0.0
GCA_003142535.1,1.0,0.0,0.0,0.0,0.0,0.0,0.0,0.0,0.0,1.0,1,1.0,0.0,0.0,0.0,0.0,0.0,0.0,0.0,0.0,0.0,0.0,0.0,0.0,0.0,1.0,0.0
GCA_003142575.1,1.0,0.0,0.0,0.0,0.0,0.0,0.0,0.0,0.0,1.0,1,3.0,0.0,0.0,0.0,0.0,0.0,0.0,0.0,0.0,0.0,0.0,0.0,0.0,0.0,0.0,0.0
GCA_003142635.1,2.0,1.0,1.0,1.0,0.0,0.0,0.0,0.0,0.0,1.0,1,1.0,0.0,0.0,0.0,0.0,0.0,0.0,0.0,0.0,0.0,0.0,0.0,0.0,0.0,2.0,0.0
GCA_003142715.1,1.0,0.0,0.0,0.0,0.0,0.0,0.0,0.0,0.0,1.0,1,2.0,0.0,0.0,0.0,0.0,0.0,0.0,0.0,0.0,0.0,0.0,0.0,0.0,0.0,0.0,0.0
GCA_003142875.1,0.0,0.0,0.0,0.0,0.0,0.0,0.0,0.0,0.0,0.0,1,2.0,1.0,1.0,1.0,0.0,0.0,0.0,0.0,0.0,0.0,0.0,0.0,0.0,0.0,1.0,0.0
GCA_003152715.1,1.0,0.0,0.0,0.0,0.0,0.0,0.0,0.0,0.0,1.0,1,0.0,0.0,0.0,0.0,0.0,0.0,0.0,0.0,0.0,0.0,0.0,0.0,0.0,0.0,1.0,1.0
GCA_003152875.1,1.0,1.0,0.0,0.0,1.0,1.0,0.0,0.0,0.0,0.0,1,2.0,0.0,0.0,0.0,0.0,0.0,0.0,0.0,0.0,0.0,0.0,0.0,0.0,0.0,0.0,0.0
GCA_003153775.1,1.0,1.0,1.0,1.0,0.0,0.0,1.0,1.0,1.0,0.0,1,1.0,0.0,0.0,0.0,0.0,0.0,0.0,0.0,0.0,0.0,0.0,0.0,0.0,0.0,2.0,0.0
GCA_003153795.1,1.0,0.0,0.0,0.0,1.0,1.0,0.0,0.0,0.0,1.0,1,2.0,0.0,0.0,0.0,0.0,0.0,0.0,0.0,0.0,0.0,0.0,0.0,0.0,0.0,0.0,0.0
GCA_003154495.1,0.0,0.0,0.0,0.0,0.0,0.0,0.0,0.0,0.0,1.0,1,1.0,0.0,0.0,0.0,0.0,0.0,0.0,0.0,0.0,0.0,0.0,0.0,0.0,0.0,1.0,0.0
GCA_003154725.1,1.0,0.0,0.0,0.0,0.0,0.0,0.0,0.0,0.0,1.0,1,2.0,0.0,0.0,0.0,0.0,0.0,0.0,0.0,0.0,0.0,0.0,0.0,0.0,1.0,0.0,0.0
GCA_003155495.1,1.0,0.0,0.0,0.0,1.0,1.0,0.0,0.0,0.0,1.0,1,3.0,0.0,0.0,0.0,0.0,0.0,0.0,0.0,0.0,0.0,0.0,0.0,0.0,0.0,0.0,0.0
GCA_003155705.1,0.0,0.0,0.0,0.0,0.0,0.0,0.0,0.0,0.0,1.0,1,1.0,0.0,0.0,0.0,0.0,0.0,0.0,0.0,0.0,0.0,0.0,0.0,0.0,0.0,0.0,1.0
GCA_003157015.1,1.0,0.0,0.0,0.0,1.0,1.0,0.0,0.0,0.0,1.0,1,2.0,0.0,0.0,0.0,0.0,0.0,0.0,0.0,0.0,0.0,0.0,0.0,0.0,0.0,0.0,1.0
GCA_003157745.1,1.0,0.0,0.0,0.0,1.0,1.0,0.0,0.0,0.0,1.0,1,1.0,1.0,1.0,0.0,0.0,0.0,0.0,0.0,0.0,0.0,0.0,0.0,0.0,0.0,1.0,0.0
GCA_003157835.1,1.0,0.0,0.0,0.0,1.0,1.0,0.0,0.0,0.0,1.0,1,1.0,1.0,0.0,0.0,0.0,0.0,0.0,0.0,0.0,0.0,0.0,0.0,0.0,0.0,0.0,0.0
GCA_003157895.1,1.0,1.0,2.0,2.0,0.0,0.0,0.0,0.0,0.0,0.0,1,0.0,0.0,0.0,1.0,0.0,0.0,0.0,0.0,0.0,0.0,0.0,0.0,0.0,0.0,0.0,0.0
GCA_003158615.1,2.0,2.0,1.0,0.0,1.0,1.0,1.0,1.0,0.0,0.0,1,2.0,1.0,1.0,1.0,0.0,0.0,0.0,0.0,0.0,0.0,0.0,0.0,0.0,0.0,0.0,1.0
GCA_003162695.1,1.0,0.0,0.0,0.0,1.0,1.0,0.0,0.0,0.0,1.0,1,1.0,0.0,0.0,0.0,0.0,0.0,0.0,0.0,0.0,0.0,0.0,0.0,0.0,0.0,0.0,0.0
GCA_003163755.1,0.0,0.0,0.0,0.0,0.0,0.0,0.0,0.0,0.0,1.0,1,2.0,1.0,1.0,1.0,0.0,0.0,0.0,0.0,0.0,0.0,0.0,0.0,0.0,0.0,1.0,0.0
GCA_003165055.1,0.0,0.0,0.0,0.0,0.0,0.0,0.0,0.0,0.0,0.0,1,2.0,1.0,1.0,1.0,0.0,0.0,0.0,0.0,0.0,0.0,0.0,0.0,0.0,0.0,1.0,0.0
GCA_003165235.1,0.0,1.0,1.0,1.0,0.0,0.0,1.0,1.0,1.0,1.0,1,1.0,1.0,0.0,2.0,0.0,0.0,0.0,1.0,0.0,0.0,0.0,0.0,0.0,0.0,1.0,0.0
GCA_003168735.1,0.0,0.0,0.0,0.0,0.0,0.0,0.0,0.0,0.0,0.0,1,2.0,1.0,1.0,1.0,0.0,0.0,0.0,0.0,0.0,0.0,0.0,0.0,0.0,0.0,1.0,0.0
GCA_003169075.1,0.0,0.0,0.0,0.0,0.0,0.0,0.0,0.0,0.0,1.0,1,1.0,1.0,1.0,1.0,0.0,0.0,0.0,0.0,0.0,0.0,0.0,0.0,0.0,0.0,1.0,0.0
GCA_003170075.1,1.0,1.0,2.0,2.0,0.0,0.0,0.0,0.0,0.0,1.0,1,0.0,0.0,0.0,2.0,0.0,0.0,0.0,0.0,0.0,0.0,0.0,0.0,0.0,0.0,0.0,0.0
GCA_003170135.1,0.0,0.0,0.0,0.0,1.0,1.0,1.0,1.0,0.0,0.0,1,2.0,0.0,0.0,0.0,0.0,0.0,0.0,0.0,0.0,0.0,0.0,0.0,0.0,0.0,0.0,0.0
GCA_003171175.1,1.0,1.0,1.0,1.0,0.0,0.0,1.0,1.0,1.0,0.0,1,1.0,0.0,0.0,0.0,0.0,0.0,0.0,0.0,0.0,0.0,0.0,0.0,0.0,0.0,2.0,0.0
GCA_003171275.1,0.0,0.0,0.0,0.0,1.0,1.0,1.0,1.0,0.0,0.0,1,2.0,0.0,0.0,0.0,0.0,0.0,0.0,0.0,0.0,0.0,0.0,0.0,0.0,0.0,0.0,0.0
GCA_003173355.1,1.0,1.0,2.0,1.0,0.0,0.0,0.0,0.0,0.0,1.0,1,0.0,1.0,1.0,3.0,0.0,0.0,0.0,0.0,0.0,0.0,0.0,0.0,0.0,0.0,1.0,0.0
GCA_003234985.1,1.0,2.0,1.0,1.0,0.0,0.0,1.0,1.0,0.0,1.0,1,2.0,1.0,1.0,1.0,0.0,0.0,0.0,1.0,0.0,0.0,0.0,0.0,0.0,0.0,0.0,0.0
GCA_003245695.1,1.0,0.0,0.0,0.0,0.0,0.0,0.0,0.0,0.0,1.0,1,1.0,0.0,0.0,0.0,0.0,0.0,0.0,0.0,0.0,0.0,0.0,0.0,0.0,0.0,0.0,1.0
GCA_003245835.1,1.0,0.0,0.0,0.0,0.0,0.0,0.0,0.0,0.0,1.0,2,1.0,1.0,1.0,1.0,0.0,0.0,0.0,0.0,0.0,0.0,0.0,0.0,0.0,0.0,0.0,0.0
GCA_003247215.1,0.0,0.0,0.0,0.0,1.0,1.0,0.0,0.0,0.0,1.0,1,2.0,1.0,1.0,1.0,0.0,0.0,0.0,0.0,0.0,0.0,0.0,0.0,0.0,0.0,2.0,0.0
GCA_003252375.1,0.0,1.0,0.0,0.0,1.0,1.0,1.0,1.0,1.0,1.0,1,1.0,1.0,1.0,1.0,0.0,0.0,0.0,1.0,0.0,0.0,0.0,0.0,0.0,1.0,0.0,1.0
GCA_003252395.1,1.0,0.0,0.0,0.0,0.0,0.0,0.0,0.0,0.0,1.0,1,2.0,1.0,1.0,1.0,0.0,0.0,0.0,0.0,0.0,0.0,0.0,0.0,0.0,0.0,0.0,0.0
GCA_003314535.1,0.0,1.0,0.0,0.0,1.0,1.0,0.0,0.0,0.0,1.0,1,2.0,1.0,1.0,1.0,0.0,0.0,0.0,0.0,0.0,0.0,0.0,0.0,0.0,0.0,1.0,0.0
GCA_003337725.1,1.0,0.0,0.0,0.0,0.0,0.0,0.0,0.0,0.0,1.0,1,1.0,0.0,0.0,0.0,0.0,0.0,0.0,0.0,0.0,0.0,0.0,0.0,0.0,0.0,0.0,0.0
GCA_003353835.1,2.0,0.0,0.0,0.0,0.0,0.0,0.0,0.0,0.0,1.0,1,2.0,0.0,0.0,0.0,0.0,0.0,0.0,0.0,0.0,0.0,0.0,0.0,0.0,0.0,0.0,0.0
GCA_003353845.1,1.0,0.0,0.0,0.0,0.0,0.0,0.0,0.0,0.0,1.0,1,1.0,0.0,0.0,0.0,0.0,0.0,0.0,1.0,0.0,1.0,0.0,0.0,0.0,0.0,0.0,0.0
GCA_003353855.1,0.0,3.0,1.0,0.0,1.0,1.0,0.0,1.0,1.0,1.0,1,8.0,0.0,0.0,0.0,0.0,0.0,0.0,2.0,0.0,0.0,0.0,0.0,0.0,0.0,1.0,0.0
GCA_003354055.1,1.0,3.0,2.0,1.0,0.0,1.0,0.0,0.0,1.0,1.0,1,8.0,0.0,0.0,0.0,0.0,0.0,0.0,1.0,0.0,0.0,0.0,0.0,0.0,1.0,3.0,1.0
GCA_003553695.1,1.0,1.0,1.0,1.0,0.0,0.0,1.0,1.0,1.0,1.0,1,1.0,0.0,0.0,0.0,0.0,0.0,0.0,1.0,0.0,0.0,0.0,0.0,0.0,0.0,2.0,1.0
GCA_003555325.1,0.0,0.0,1.0,1.0,0.0,0.0,0.0,0.0,0.0,1.0,1,1.0,0.0,0.0,1.0,0.0,0.0,0.0,0.0,0.0,0.0,0.0,0.0,0.0,0.0,0.0,0.0
GCA_003563175.1,1.0,0.0,1.0,0.0,0.0,0.0,0.0,0.0,0.0,1.0,1,2.0,0.0,0.0,0.0,0.0,0.0,0.0,0.0,0.0,0.0,0.0,0.0,0.0,0.0,0.0,0.0
GCA_003564275.1,1.0,1.0,1.0,1.0,0.0,0.0,1.0,1.0,1.0,1.0,1,1.0,0.0,0.0,0.0,0.0,0.0,0.0,2.0,0.0,0.0,0.0,0.0,0.0,0.0,1.0,1.0
GCA_003566455.1,1.0,0.0,0.0,0.0,0.0,0.0,1.0,1.0,1.0,1.0,1,1.0,0.0,0.0,0.0,0.0,0.0,0.0,1.0,0.0,0.0,0.0,0.0,0.0,1.0,0.0,2.0
GCA_003567495.1,1.0,1.0,1.0,0.0,0.0,0.0,0.0,0.0,0.0,0.0,1,1.0,0.0,0.0,0.0,0.0,0.0,0.0,0.0,0.0,0.0,0.0,0.0,0.0,0.0,1.0,0.0
GCA_003574175.1,1.0,1.0,0.0,0.0,1.0,1.0,0.0,0.0,0.0,1.0,1,2.0,1.0,1.0,1.0,0.0,0.0,0.0,0.0,0.0,0.0,0.0,0.0,0.0,0.0,2.0,0.0
GCA_003574885.1,1.0,0.0,0.0,0.0,1.0,1.0,0.0,0.0,0.0,1.0,1,2.0,1.0,1.0,1.0,0.0,0.0,0.0,0.0,0.0,0.0,0.0,0.0,0.0,0.0,1.0,0.0
GCA_003574895.1,1.0,0.0,0.0,0.0,1.0,1.0,0.0,0.0,0.0,1.0,1,2.0,1.0,1.0,2.0,0.0,0.0,0.0,0.0,0.0,0.0,0.0,0.0,0.0,0.0,1.0,1.0
GCA_003590275.1,0.0,1.0,1.0,0.0,0.0,0.0,0.0,0.0,0.0,0.0,1,2.0,0.0,0.0,0.0,0.0,0.0,0.0,0.0,0.0,0.0,0.0,0.0,0.0,0.0,1.0,0.0
GCA_003599575.1,0.0,4.0,1.0,1.0,0.0,0.0,2.0,2.0,2.0,1.0,1,4.0,0.0,0.0,0.0,0.0,0.0,0.0,2.0,0.0,0.0,0.0,0.0,0.0,2.0,3.0,1.0
GCA_003599865.1,1.0,2.0,1.0,1.0,1.0,1.0,1.0,1.0,1.0,1.0,1,9.0,1.0,1.0,1.0,0.0,0.0,0.0,2.0,0.0,0.0,0.0,0.0,0.0,0.0,1.0,0.0
GCA_003605055.1,2.0,1.0,0.0,0.0,0.0,0.0,1.0,1.0,1.0,0.0,1,5.0,0.0,0.0,0.0,0.0,0.0,0.0,2.0,0.0,0.0,0.0,0.0,0.0,0.0,0.0,1.0
GCA_003612835.1,0.0,0.0,0.0,0.0,0.0,0.0,0.0,0.0,0.0,1.0,1,1.0,1.0,1.0,2.0,0.0,0.0,0.0,0.0,0.0,0.0,0.0,0.0,0.0,0.0,0.0,0.0
GCA_003612855.1,0.0,0.0,0.0,0.0,0.0,0.0,0.0,0.0,0.0,1.0,1,1.0,1.0,1.0,2.0,0.0,0.0,0.0,0.0,0.0,0.0,0.0,0.0,0.0,0.0,0.0,0.0
GCA_003647375.1,0.0,1.0,1.0,0.0,0.0,0.0,1.0,1.0,1.0,1.0,1,7.0,0.0,0.0,0.0,0.0,0.0,0.0,2.0,0.0,0.0,0.0,0.0,0.0,1.0,1.0,2.0
GCA_003647485.1,1.0,1.0,1.0,1.0,1.0,1.0,1.0,1.0,1.0,2.0,1,5.0,0.0,0.0,0.0,0.0,0.0,0.0,2.0,0.0,0.0,0.0,0.0,0.0,2.0,1.0,2.0
GCA_003696505.1,0.0,0.0,0.0,0.0,0.0,0.0,0.0,0.0,0.0,1.0,1,1.0,0.0,0.0,0.0,0.0,0.0,0.0,0.0,0.0,0.0,0.0,0.0,0.0,0.0,1.0,0.0
GCA_003712145.1,0.0,0.0,0.0,0.0,1.0,1.0,0.0,0.0,0.0,1.0,1,2.0,1.0,1.0,1.0,0.0,0.0,0.0,0.0,0.0,0.0,0.0,0.0,0.0,0.0,1.0,0.0
GCA_003751385.1,1.0,2.0,1.0,1.0,0.0,0.0,1.0,1.0,1.0,1.0,1,1.0,0.0,0.0,0.0,0.0,0.0,0.0,3.0,0.0,0.0,0.0,0.0,0.0,0.0,2.0,1.0
GCA_003818505.1,0.0,3.0,1.0,1.0,0.0,0.0,1.0,1.0,1.0,1.0,1,7.0,0.0,0.0,0.0,0.0,0.0,0.0,1.0,0.0,0.0,0.0,0.0,0.0,0.0,1.0,1.0
GCA_003819975.1,0.0,0.0,0.0,1.0,0.0,0.0,0.0,0.0,0.0,1.0,1,1.0,0.0,0.0,0.0,0.0,0.0,0.0,0.0,0.0,0.0,0.0,0.0,0.0,0.0,2.0,0.0
GCA_003838035.1,0.0,2.0,1.0,1.0,0.0,0.0,1.0,1.0,1.0,1.0,1,1.0,1.0,1.0,1.0,0.0,0.0,0.0,2.0,0.0,0.0,0.0,0.0,0.0,0.0,2.0,1.0
GCA_003857395.1,2.0,2.0,0.0,0.0,0.0,0.0,0.0,0.0,0.0,1.0,1,2.0,1.0,1.0,1.0,0.0,0.0,0.0,0.0,0.0,0.0,0.0,0.0,0.0,0.0,2.0,0.0
GCA_003966735.1,1.0,1.0,0.0,0.0,1.0,1.0,1.0,1.0,1.0,1.0,1,2.0,1.0,1.0,1.0,0.0,0.0,0.0,2.0,0.0,0.0,0.0,0.0,0.0,0.0,0.0,1.0
GCA_004025585.1,1.0,1.0,0.0,0.0,1.0,1.0,1.0,1.0,1.0,1.0,1,2.0,1.0,0.0,1.0,0.0,0.0,0.0,2.0,0.0,0.0,0.0,0.0,0.0,0.0,0.0,2.0
GCA_004102745.1,0.0,2.0,0.0,0.0,0.0,0.0,0.0,0.0,0.0,1.0,2,2.0,0.0,0.0,1.0,0.0,0.0,0.0,0.0,0.0,0.0,0.0,0.0,0.0,0.0,1.0,0.0
GCA_004117875.1,1.0,1.0,0.0,0.0,1.0,1.0,0.0,0.0,0.0,1.0,2,2.0,1.0,1.0,1.0,0.0,0.0,0.0,0.0,0.0,0.0,0.0,0.0,0.0,0.0,1.0,0.0
GCA_004195345.1,0.0,0.0,0.0,0.0,0.0,0.0,0.0,0.0,0.0,1.0,1,1.0,0.0,0.0,0.0,0.0,0.0,0.0,0.0,0.0,0.0,0.0,0.0,0.0,0.0,1.0,0.0
GCA_004298625.1,1.0,1.0,1.0,1.0,0.0,0.0,2.0,1.0,0.0,1.0,1,1.0,1.0,1.0,1.0,0.0,0.0,0.0,1.0,0.0,0.0,0.0,0.0,0.0,0.0,1.0,0.0
GCA_004321905.1,1.0,0.0,0.0,0.0,0.0,0.0,0.0,0.0,0.0,1.0,1,1.0,0.0,0.0,0.0,0.0,0.0,0.0,0.0,0.0,0.0,0.0,0.0,0.0,0.0,0.0,0.0
GCA_004321915.1,0.0,2.0,1.0,1.0,1.0,1.0,1.0,1.0,0.0,1.0,1,1.0,1.0,1.0,1.0,0.0,0.0,0.0,1.0,0.0,0.0,0.0,0.0,0.0,0.0,0.0,0.0
GCA_004321925.1,1.0,1.0,1.0,1.0,1.0,1.0,1.0,1.0,0.0,1.0,1,1.0,1.0,1.0,1.0,0.0,0.0,0.0,1.0,0.0,0.0,0.0,0.0,0.0,0.0,0.0,0.0
GCA_004322275.1,1.0,1.0,1.0,1.0,0.0,0.0,0.0,0.0,0.0,0.0,1,1.0,1.0,1.0,1.0,0.0,0.0,0.0,0.0,0.0,0.0,0.0,0.0,0.0,0.0,1.0,0.0
GCA_004343605.1,0.0,1.0,1.0,0.0,0.0,0.0,0.0,0.0,0.0,0.0,1,2.0,0.0,0.0,0.0,0.0,0.0,0.0,0.0,0.0,0.0,0.0,0.0,0.0,0.0,1.0,0.0
GCA_004343635.1,0.0,1.0,1.0,0.0,0.0,0.0,0.0,0.0,0.0,0.0,1,2.0,0.0,0.0,0.0,0.0,0.0,0.0,0.0,0.0,0.0,0.0,0.0,0.0,0.0,1.0,0.0
GCA_004343725.1,2.0,0.0,0.0,0.0,0.0,0.0,0.0,0.0,0.0,1.0,1,1.0,1.0,1.0,1.0,0.0,0.0,0.0,0.0,0.0,0.0,0.0,0.0,0.0,0.0,0.0,0.0
GCA_004345905.1,0.0,1.0,0.0,0.0,0.0,0.0,0.0,0.0,0.0,1.0,1,1.0,1.0,1.0,1.0,0.0,0.0,0.0,0.0,0.0,0.0,0.0,0.0,0.0,0.0,1.0,0.0
GCA_004348925.1,0.0,0.0,0.0,0.0,0.0,0.0,0.0,0.0,0.0,1.0,1,1.0,0.0,0.0,0.0,0.0,0.0,0.0,0.0,0.0,0.0,0.0,0.0,0.0,0.0,0.0,0.0
GCA_004365595.1,1.0,3.0,0.0,0.0,1.0,1.0,1.0,1.0,1.0,1.0,1,1.0,1.0,1.0,1.0,0.0,0.0,0.0,2.0,0.0,0.0,0.0,0.0,0.0,0.0,1.0,2.0
GCA_004525355.1,0.0,0.0,0.0,0.0,0.0,0.0,0.0,0.0,0.0,1.0,1,2.0,0.0,0.0,0.0,0.0,0.0,0.0,0.0,0.0,0.0,0.0,0.0,0.0,0.0,0.0,0.0
GCA_004525545.1,1.0,1.0,1.0,1.0,0.0,0.0,0.0,0.0,0.0,1.0,1,1.0,0.0,0.0,0.0,0.0,0.0,0.0,0.0,0.0,0.0,0.0,0.0,0.0,0.0,0.0,0.0
GCA_004525935.1,1.0,1.0,1.0,1.0,0.0,0.0,0.0,0.0,0.0,1.0,2,1.0,0.0,0.0,0.0,0.0,0.0,0.0,0.0,0.0,0.0,0.0,0.0,0.0,0.0,0.0,0.0
GCA_004766045.1,0.0,3.0,1.0,1.0,0.0,0.0,1.0,1.0,0.0,0.0,1,1.0,1.0,1.0,4.0,0.0,0.0,0.0,1.0,0.0,0.0,0.0,0.0,0.0,1.0,1.0,2.0
GCA_004766055.1,0.0,3.0,1.0,1.0,0.0,0.0,1.0,1.0,0.0,1.0,1,1.0,1.0,1.0,1.0,0.0,0.0,0.0,1.0,0.0,0.0,0.0,0.0,0.0,0.0,1.0,1.0
GCA_004791675.1,2.0,1.0,0.0,0.0,1.0,1.0,0.0,0.0,0.0,1.0,1,2.0,1.0,1.0,1.0,0.0,0.0,0.0,0.0,0.0,0.0,0.0,0.0,0.0,0.0,1.0,0.0
GCA_004796425.1,2.0,2.0,0.0,0.0,0.0,1.0,1.0,1.0,1.0,1.0,1,6.0,1.0,1.0,1.0,0.0,0.0,0.0,2.0,0.0,0.0,0.0,0.0,0.0,1.0,1.0,0.0
GCA_004796465.1,2.0,1.0,0.0,0.0,0.0,0.0,0.0,1.0,1.0,1.0,1,1.0,1.0,1.0,1.0,0.0,0.0,0.0,2.0,0.0,0.0,0.0,0.0,0.0,0.0,0.0,0.0
GCA_004917065.1,1.0,0.0,0.0,0.0,1.0,1.0,0.0,0.0,0.0,1.0,1,2.0,1.0,1.0,1.0,0.0,0.0,0.0,0.0,0.0,0.0,0.0,0.0,0.0,0.0,1.0,0.0
GCA_004917075.1,1.0,1.0,0.0,0.0,1.0,1.0,0.0,0.0,0.0,1.0,1,2.0,1.0,1.0,2.0,0.0,0.0,0.0,0.0,0.0,0.0,0.0,0.0,0.0,0.0,1.0,0.0
GCA_005116645.1,0.0,4.0,1.0,1.0,0.0,1.0,2.0,2.0,2.0,1.0,1,8.0,1.0,1.0,1.0,0.0,0.0,0.0,2.0,0.0,0.0,0.0,0.0,0.0,0.0,2.0,2.0
GCA_005116655.1,1.0,3.0,1.0,1.0,1.0,1.0,1.0,1.0,1.0,1.0,1,9.0,1.0,1.0,1.0,0.0,0.0,0.0,2.0,0.0,0.0,0.0,0.0,0.0,1.0,1.0,2.0
GCA_005116675.1,1.0,3.0,1.0,1.0,1.0,1.0,1.0,1.0,2.0,1.0,1,8.0,1.0,1.0,1.0,0.0,0.0,0.0,2.0,0.0,0.0,0.0,0.0,0.0,1.0,2.0,3.0
GCA_005222505.1,0.0,0.0,0.0,0.0,0.0,0.0,0.0,0.0,0.0,1.0,1,1.0,1.0,1.0,2.0,0.0,0.0,0.0,0.0,0.0,0.0,0.0,0.0,0.0,0.0,0.0,0.0
GCA_005774545.1,1.0,0.0,0.0,0.0,1.0,1.0,0.0,0.0,0.0,1.0,1,2.0,1.0,1.0,1.0,0.0,0.0,0.0,0.0,0.0,0.0,0.0,0.0,0.0,0.0,1.0,0.0
GCA_006546655.1,0.0,0.0,1.0,1.0,0.0,0.0,0.0,0.0,0.0,1.0,1,1.0,1.0,1.0,2.0,0.0,0.0,0.0,0.0,0.0,0.0,0.0,0.0,0.0,0.0,0.0,0.0
GCA_007244375.1,0.0,0.0,0.0,0.0,0.0,0.0,0.0,0.0,0.0,1.0,1,1.0,0.0,0.0,0.0,0.0,0.0,0.0,0.0,0.0,0.0,0.0,0.0,0.0,0.0,1.0,0.0
GCA_007559175.1,1.0,0.0,0.0,0.0,1.0,1.0,0.0,0.0,0.0,1.0,1,2.0,1.0,1.0,1.0,0.0,0.0,0.0,0.0,0.0,0.0,0.0,0.0,0.0,0.0,1.0,0.0
GCA_007625075.1,0.0,1.0,0.0,0.0,0.0,0.0,1.0,1.0,1.0,1.0,1,1.0,1.0,1.0,1.0,0.0,0.0,0.0,1.0,0.0,0.0,0.0,0.0,0.0,2.0,1.0,1.0
GCA_007625085.1,0.0,1.0,0.0,0.0,0.0,0.0,1.0,1.0,1.0,1.0,1,1.0,1.0,1.0,1.0,0.0,0.0,0.0,1.0,0.0,0.0,0.0,0.0,0.0,1.0,1.0,1.0
GCA_900100715.1,1.0,1.0,1.0,1.0,0.0,0.0,0.0,0.0,0.0,1.0,1,1.0,1.0,1.0,2.0,0.0,0.0,0.0,0.0,0.0,0.0,0.0,0.0,0.0,0.0,1.0,0.0
GCA_900101345.1,1.0,3.0,1.0,1.0,1.0,1.0,1.0,1.0,1.0,0.0,1,5.0,1.0,1.0,1.0,0.0,0.0,0.0,1.0,0.0,0.0,0.0,0.0,0.0,1.0,2.0,0.0
GCA_900101495.1,0.0,1.0,0.0,0.0,0.0,0.0,0.0,0.0,0.0,1.0,1,1.0,0.0,0.0,0.0,0.0,0.0,0.0,0.0,0.0,0.0,0.0,0.0,0.0,0.0,1.0,0.0
GCA_900103065.1,0.0,0.0,0.0,0.0,1.0,0.0,0.0,0.0,0.0,1.0,1,2.0,1.0,1.0,1.0,0.0,0.0,0.0,0.0,0.0,0.0,0.0,0.0,0.0,0.0,3.0,0.0
GCA_900105645.1,1.0,3.0,1.0,1.0,1.0,1.0,1.0,1.0,1.0,0.0,1,10.0,0.0,0.0,0.0,0.0,0.0,0.0,2.0,0.0,0.0,0.0,0.0,0.0,0.0,2.0,1.0
GCA_900109885.1,2.0,0.0,0.0,0.0,0.0,0.0,0.0,0.0,0.0,1.0,1,2.0,1.0,1.0,1.0,0.0,0.0,0.0,0.0,0.0,0.0,0.0,0.0,0.0,0.0,1.0,0.0
GCA_900111615.1,0.0,1.0,0.0,0.0,0.0,0.0,0.0,0.0,0.0,0.0,1,1.0,0.0,0.0,0.0,0.0,0.0,0.0,0.0,0.0,0.0,0.0,0.0,0.0,0.0,1.0,1.0
GCA_900114115.1,1.0,1.0,0.0,0.0,1.0,1.0,1.0,1.0,1.0,1.0,1,2.0,1.0,1.0,1.0,0.0,0.0,0.0,1.0,0.0,0.0,0.0,0.0,0.0,0.0,1.0,1.0
GCA_900114595.1,1.0,2.0,0.0,0.0,1.0,1.0,1.0,1.0,1.0,1.0,1,2.0,1.0,1.0,1.0,0.0,0.0,0.0,1.0,0.0,0.0,0.0,0.0,0.0,0.0,1.0,2.0
GCA_900114835.1,0.0,0.0,1.0,1.0,0.0,0.0,0.0,0.0,0.0,1.0,1,1.0,1.0,1.0,3.0,0.0,0.0,0.0,0.0,0.0,0.0,0.0,0.0,0.0,0.0,1.0,0.0
GCA_900129305.1,1.0,4.0,1.0,1.0,0.0,0.0,1.0,1.0,1.0,1.0,1,1.0,1.0,1.0,1.0,0.0,0.0,0.0,3.0,0.0,0.0,0.0,0.0,0.0,0.0,2.0,2.0
GCA_900129935.1,0.0,3.0,1.0,1.0,0.0,0.0,1.0,1.0,0.0,1.0,1,1.0,1.0,1.0,1.0,0.0,0.0,0.0,1.0,0.0,0.0,0.0,0.0,0.0,0.0,1.0,2.0
GCA_900130015.1,1.0,2.0,1.0,1.0,0.0,1.0,1.0,1.0,2.0,1.0,1,5.0,1.0,1.0,1.0,0.0,0.0,0.0,2.0,0.0,0.0,0.0,0.0,0.0,0.0,1.0,0.0
GCA_900141635.1,0.0,0.0,0.0,0.0,0.0,0.0,0.0,0.0,0.0,1.0,1,1.0,0.0,0.0,0.0,0.0,0.0,0.0,0.0,0.0,0.0,0.0,0.0,0.0,0.0,0.0,0.0
GCA_900142215.1,0.0,0.0,0.0,0.0,0.0,0.0,0.0,0.0,0.0,1.0,1,1.0,1.0,1.0,5.0,0.0,0.0,0.0,0.0,0.0,0.0,0.0,0.0,0.0,0.0,1.0,0.0
GCA_900143645.1,0.0,0.0,0.0,0.0,0.0,0.0,0.0,0.0,0.0,1.0,1,1.0,1.0,1.0,3.0,0.0,0.0,0.0,0.0,0.0,0.0,0.0,0.0,0.0,0.0,2.0,0.0
GCA_900143695.1,1.0,3.0,1.0,1.0,0.0,1.0,1.0,1.0,1.0,1.0,1,8.0,1.0,1.0,1.0,0.0,0.0,0.0,2.0,0.0,0.0,0.0,0.0,0.0,1.0,1.0,2.0
GCA_900167065.1,1.0,2.0,0.0,0.0,1.0,1.0,1.0,1.0,1.0,1.0,1,2.0,0.0,0.0,0.0,0.0,0.0,0.0,1.0,0.0,0.0,0.0,0.0,0.0,1.0,2.0,1.0
GCA_900167235.1,1.0,3.0,1.0,1.0,0.0,0.0,1.0,1.0,1.0,1.0,1,2.0,0.0,0.0,0.0,0.0,0.0,0.0,2.0,0.0,0.0,0.0,0.0,0.0,0.0,3.0,1.0
GCA_900170035.1,1.0,2.0,1.0,1.0,0.0,0.0,1.0,1.0,1.0,1.0,1,8.0,1.0,1.0,1.0,0.0,0.0,0.0,2.0,0.0,0.0,0.0,0.0,0.0,0.0,1.0,1.0
GCA_900176285.1,1.0,2.0,1.0,1.0,0.0,0.0,1.0,1.0,1.0,1.0,1,1.0,0.0,0.0,0.0,0.0,0.0,0.0,3.0,0.0,0.0,0.0,0.0,0.0,0.0,3.0,1.0
GCA_900176365.1,1.0,3.0,1.0,1.0,1.0,1.0,1.0,1.0,1.0,1.0,1,9.0,0.0,0.0,1.0,0.0,0.0,0.0,2.0,0.0,0.0,0.0,0.0,0.0,0.0,1.0,1.0
GCA_900184255.1,0.0,3.0,1.0,0.0,0.0,0.0,0.0,0.0,0.0,0.0,1,1.0,0.0,0.0,0.0,0.0,0.0,0.0,0.0,0.0,0.0,0.0,0.0,0.0,0.0,1.0,0.0
GCA_900185645.1,0.0,2.0,0.0,0.0,0.0,0.0,0.0,0.0,0.0,0.0,1,1.0,0.0,0.0,0.0,0.0,0.0,0.0,0.0,0.0,0.0,0.0,0.0,0.0,0.0,1.0,0.0
GCA_900187405.1,0.0,2.0,0.0,0.0,0.0,0.0,0.0,0.0,0.0,1.0,1,2.0,1.0,1.0,1.0,0.0,0.0,0.0,0.0,0.0,0.0,0.0,0.0,0.0,0.0,1.0,1.0
GCA_900217235.1,1.0,2.0,0.0,0.0,1.0,1.0,1.0,1.0,1.0,1.0,1,1.0,1.0,1.0,1.0,0.0,0.0,0.0,1.0,0.0,0.0,0.0,0.0,0.0,1.0,0.0,2.0
GCA_900290365.1,2.0,2.0,1.0,1.0,0.0,0.0,1.0,1.0,1.0,0.0,1,6.0,1.0,1.0,1.0,0.0,0.0,0.0,1.0,0.0,0.0,0.0,0.0,0.0,0.0,1.0,0.0
GCA_900290375.1,0.0,4.0,1.0,1.0,0.0,0.0,1.0,1.0,0.0,0.0,1,3.0,1.0,1.0,2.0,0.0,0.0,0.0,1.0,0.0,0.0,0.0,0.0,0.0,0.0,2.0,1.0
GCA_900476375.1,5.0,1.0,0.0,0.0,0.0,0.0,1.0,1.0,0.0,1.0,1,1.0,1.0,1.0,2.0,0.0,0.0,0.0,0.0,0.0,0.0,0.0,0.0,0.0,0.0,1.0,0.0
bacteria00229,0.0,0.0,0.0,0.0,1.0,1.0,1.0,1.0,1.0,1.0,1,0.0,1.0,1.0,1.0,0.0,0.0,0.0,1.0,0.0,0.0,0.0,0.0,0.0,0.0,1.0,2.0
bacteria01060v2,0.0,0.0,0.0,0.0,0.0,0.0,0.0,0.0,0.0,1.0,1,1.0,0.0,0.0,0.0,0.0,0.0,0.0,0.0,0.0,0.0,0.0,0.0,0.0,0.0,1.0,0.0
bacteria23259,0.0,1.0,1.0,1.0,0.0,1.0,0.0,0.0,0.0,1.0,1,3.0,0.0,0.0,0.0,0.0,0.0,0.0,1.0,0.0,0.0,0.0,0.0,0.0,1.0,0.0,0.0
bacteria23265,0.0,1.0,1.0,0.0,0.0,0.0,1.0,1.0,1.0,1.0,1,5.0,0.0,0.0,0.0,0.0,0.0,0.0,1.0,0.0,0.0,0.0,0.0,0.0,0.0,1.0,2.0
bacteria23266,0.0,2.0,1.0,1.0,0.0,0.0,0.0,0.0,0.0,0.0,1,1.0,0.0,0.0,0.0,0.0,0.0,0.0,0.0,0.0,0.0,0.0,0.0,0.0,0.0,2.0,0.0
bacteria30001,0.0,0.0,0.0,0.0,0.0,0.0,0.0,0.0,0.0,1.0,1,1.0,0.0,0.0,0.0,0.0,0.0,0.0,0.0,0.0,0.0,0.0,0.0,0.0,0.0,0.0,0.0
bacteria30004,1.0,0.0,0.0,0.0,1.0,1.0,0.0,0.0,0.0,1.0,1,1.0,0.0,0.0,0.0,0.0,0.0,0.0,0.0,0.0,0.0,0.0,0.0,0.0,1.0,0.0,1.0
bacteria30005,1.0,0.0,0.0,0.0,1.0,1.0,0.0,0.0,0.0,1.0,1,1.0,0.0,0.0,0.0,0.0,0.0,0.0,0.0,0.0,0.0,0.0,0.0,0.0,1.0,0.0,0.0
bacteria30006,1.0,0.0,0.0,0.0,0.0,0.0,0.0,0.0,0.0,1.0,1,2.0,0.0,0.0,0.0,0.0,0.0,0.0,0.0,0.0,0.0,0.0,0.0,0.0,1.0,0.0,0.0
bacteria30012,0.0,1.0,1.0,1.0,0.0,0.0,0.0,0.0,0.0,1.0,1,0.0,0.0,0.0,0.0,0.0,0.0,0.0,0.0,0.0,0.0,0.0,0.0,0.0,0.0,0.0,0.0
bacteria30014,0.0,2.0,0.0,1.0,0.0,0.0,1.0,0.0,1.0,1.0,1,4.0,1.0,1.0,1.0,0.0,0.0,0.0,2.0,0.0,0.0,0.0,0.0,0.0,0.0,1.0,3.0
bacteria30015,0.0,1.0,1.0,1.0,1.0,1.0,0.0,1.0,1.0,1.0,1,6.0,0.0,0.0,0.0,0.0,0.0,0.0,2.0,0.0,0.0,0.0,0.0,0.0,0.0,1.0,1.0
bacteria30016,1.0,1.0,0.0,1.0,0.0,1.0,1.0,1.0,2.0,0.0,1,3.0,1.0,0.0,0.0,0.0,0.0,0.0,1.0,0.0,0.0,0.0,0.0,0.0,1.0,1.0,1.0
bacteria30018,1.0,0.0,0.0,0.0,1.0,1.0,0.0,0.0,0.0,0.0,1,1.0,1.0,1.0,1.0,0.0,0.0,0.0,0.0,0.0,0.0,0.0,0.0,0.0,0.0,1.0,1.0
bacteria30019,1.0,0.0,0.0,0.0,0.0,0.0,0.0,0.0,0.0,1.0,1,2.0,1.0,1.0,1.0,0.0,0.0,0.0,0.0,0.0,0.0,0.0,0.0,0.0,0.0,1.0,0.0
bacteria30026,1.0,0.0,0.0,0.0,0.0,0.0,0.0,0.0,0.0,1.0,1,2.0,0.0,0.0,0.0,0.0,0.0,0.0,0.0,0.0,0.0,0.0,0.0,0.0,0.0,0.0,0.0
bacteria30028,2.0,1.0,1.0,1.0,0.0,0.0,0.0,0.0,0.0,1.0,2,2.0,0.0,0.0,0.0,1.0,0.0,0.0,0.0,0.0,0.0,0.0,0.0,0.0,0.0,0.0,0.0
bacteria30029,2.0,0.0,0.0,0.0,0.0,0.0,0.0,0.0,0.0,1.0,1,3.0,0.0,0.0,0.0,1.0,0.0,0.0,0.0,0.0,0.0,0.0,0.0,0.0,0.0,0.0,0.0
bacteria30030,1.0,1.0,1.0,1.0,0.0,0.0,0.0,0.0,0.0,0.0,1,1.0,1.0,0.0,1.0,0.0,0.0,0.0,0.0,0.0,0.0,0.0,0.0,0.0,0.0,0.0,0.0
bacteria30031,1.0,0.0,0.0,0.0,0.0,0.0,0.0,0.0,0.0,1.0,1,2.0,0.0,0.0,0.0,0.0,0.0,0.0,0.0,0.0,0.0,0.0,0.0,0.0,0.0,0.0,0.0
bacteria30034,0.0,1.0,1.0,1.0,0.0,0.0,0.0,0.0,0.0,0.0,2,2.0,0.0,0.0,0.0,0.0,0.0,0.0,0.0,0.0,0.0,0.0,0.0,1.0,0.0,0.0,0.0
bacteria30035,1.0,1.0,1.0,1.0,0.0,0.0,0.0,0.0,0.0,1.0,1,1.0,0.0,0.0,0.0,0.0,0.0,0.0,0.0,0.0,0.0,0.0,0.0,0.0,0.0,0.0,0.0
bacteria30036,1.0,0.0,0.0,0.0,0.0,0.0,0.0,0.0,0.0,1.0,1,2.0,0.0,0.0,0.0,0.0,0.0,0.0,0.0,0.0,0.0,0.0,0.0,0.0,0.0,1.0,0.0
